TEXT,LABEL
"Budget suna, bank balance ne silent mode on kar liya.",sarcastic
middle class ka pata nahi but Government ko budget seh badaa relief mila,sarcastic
Tax slab dekha aur sapno ka slab crack hota gaya,sarcastic
Bugdet itna balanced tha ki aam admi ka downfall ho gaya,sarcastic
"Salary aati hai, tax le jaata hai, so nice!!!",sarcastic
"Pata nahi Nirmala Sitaraman ki ""GROWTH"" ka matlab shayad ""GOODBYE"" hai..",sarcastic
"Budget 2026: expectations 100, reality 10!!",sarcastic
Middle class ko hamesha last seen peh chor deti hai Government!,sarcastic
Tax itna creative hai ki artists bhi sharma jayeeee,sarcastic
Budget dekh ke laga ki EMIs hi meri family hai!!,sarcastic
middle class drowning aur government shinning..,sarcastic
"lag raha aab motivation to live bhi taxable hai, after budget came..",sarcastic
"Salary hike ka sapna, tax cut ka nightmare.",sarcastic
Budget sunte hi calculator crashed….,sarcastic
Middle class ka role budget mein cameo jaisa tha…hahahaha!!!,sarcastic
Tax slab itna zayada high hai ki oxygen ki kami ho gai hai,sarcastic
"budget ka ""long term benefit"" pata nahiii kab ayega!!??",sarcastic
Middle class budget mai bas 1 example banke reh gai,sarcastic
"Budget 2026: rich richer, poor poorer, middle class-kahi nahi!!!",sarcastic
tax bharo tabhi deshbhakti dikhegi government ko middle class ki,sarcastic
Budget ke baad wallet ne resignation de diya,sarcastic
Government ne kaha inclusive growth par invite nahi kiya….....,sarcastic
middle class ka patience renewable resource hai shayad,sarcastic
Salary ko chor ke sab badh gaya budget mai,sarcastic
tax itna hai ki cashback bhi nahi mil raha,sarcastic
Budget presentation dekh ke popcorn hi affordable lag raha aab,sarcastic
"Middle class: na subsidy, na sympathy!!!",sarcastic
Government thought so much about us ki har cheez costly ker diya,sarcastic
"Budget stable, middle class unstable!!!!",sarcastic
budget ke baad savings bhi started flying away,sarcastic
"we wanted to be ""future ready"", government made us ""EMI ready""…hahahah!!!",sarcastic
pata nahi budget wali opportunity hame dikh kyu nahi rahi,sarcastic
Tax slab aisa hai jaise punishment system.,sarcastic
budget dekh ke financial planning ne chutti le li..,sarcastic
Middle class ka contribution sirf tax aur silance hai iss desh main,sarcastic
Budget 2026: hope sold separately,sarcastic
Tax clear kerte kerte kisi din mein clear ho jaungi,sarcastic
aab toh 1 din full day AC is also a luxury!,sarcastic
Middle class ki yaad Nirmala madam ko sirf speech mai aai,sarcastic
Budget sun ke laga financial freedom sirf reel peh hoti hai,sarcastic
governemnt ka har saal ka budget itna acha hota hai ki middle class depress ho jati hai,sarcastic
Budget 2026: dreams postponed successfully!!,sarcastic
"Governemnt ne kaha ""support"" bas emotional was silent!!!",sarcastic
Middle class ki halat dekh ke budget bhi awkward ho gaya…,sarcastic
budget ki kripaa seh salary account mai atee hi udd jati hai,sarcastic
"Budget ke baad ""saving"" sirf WhatsApp status hai.",sarcastic
Middle class ko aab daughter-in-law ke jaise bas adjust kerna padta hai,sarcastic
Middle class ka superpower hai adjust kerna,sarcastic
Tax banna aab hobby ban chuka hai,sarcastic
Budget 2026 ne confirm ker diya ki 2026 mai duniya ka the end hone wala hai..,sarcastic
Budget 2026 mein infrastructure and growth pe achaa focus dikh raha,non-sarcastic
Government ne long-term economic stability ko priority di hai,non-sarcastic
"Middle class ko direct relief kam mila, but fiscal discipline zaroor important hai.",non-sarcastic
lag raha budget sustainable development goals ko dhyaan mein rakh ke banaya gaya hai,non-sarcastic
"tax structure complex hai, par revenue generation ke liye zaroori hoga",non-sarcastic
Budget mai MSMEs aur startups ke liye support positive step hai,non-sarcastic
Education aur skill development allocations future ke liye helpful hoga,non-sarcastic
healthcare spending badhana was an important decision,non-sarcastic
Budget ka focus capital expenditure peh zayada hai…,non-sarcastic
long-term growth ke liye infrastructure investment important role play karega,non-sarcastic
"Middle class ke liye expectations zyada thi, relief limited raha",non-sarcastic
Budget overall economic balance maintain kerne ki koshish karta hai,non-sarcastic
Fiscal deficit control karna economy ke liye important hai,non-sarcastic
Budget mai digital economy aur technology par focus dikha,non-sarcastic
Rural development ke liye kiye gaye provisions useful ho sakte hain…,non-sarcastic
Budget ke measures gradually impact dikhayenge,non-sarcastic
Employment generation pe aur clarity hoti toh better hota,non-sarcastic
Budget growth-oriented hai. But short-term relief kam hai.,non-sarcastic
Government ne inverstment-led growth approach follow ki hai,non-sarcastic
tax reform ka impact time ke sath clear hoga,non-sarcastic
Budget presentation structured aur data-driven thi,non-sarcastic
Social sector spending ko maintain karn positive sign hai,non-sarcastic
Middle class ke concerns ko future budgets mein address kiya ja sakta hai,non-sarcastic
Budget economic stability ko dhyaan mai rakh ke banaya gaya hai.,non-sarcastic
Inflation control ke perspective seh cautious approach dikh rahi hai.,non-sarcastic
Budget main manufacturing aur production ko boost kerne ke steps hein.,non-sarcastic
Overall budget reform-oriented laga.,non-sarcastic
Government ne growth and discipline ke beech balance banane ki koshish ki hai.,non-sarcastic
Budget ka impact different income groups pas alag alag padega.,non-sarcastic
Tax policy consistency investors ke liye important signal hai.,non-sarcastic
Budget 2026 long-term vision ko reflect karta hai..,non-sarcastic
Public investment se private invesment ko encourage kiya ja raha hai.,non-sarcastic
Budget mai welfare schemes ka continuation stability deta hai.,non-sarcastic
Short-term consumption boost par kam focus hai.,non-sarcastic
Budget overall economy ko stable rakhne par zayada focus kar rahi…,non-sarcastic
Middle class ko indirect benefits mil sakte hain time ke saath.,non-sarcastic
Budget announcements practical constraints ko dhyaan mein rakhte hain.,non-sarcastic
Economic growth le liye capital spending zaoori hoti hai.,non-sarcastic
Budget ka approach is looking measured and cautious.,non-sarcastic
Government ne policy continuity maintain rakhi hai.,non-sarcastic
Budget reforms ka real impact implementation par depend kerta hai,non-sarcastic
Growth targets ambitious hai but looks achievable too.,non-sarcastic
Budget mai structural reforms ko priority di gai hai,non-sarcastic
Middle class le liye direct tax relief limited hai,non-sarcastic
Budget overall macroeconomic stability ko support karta hai.,non-sarcastic
Employment and income growth par future focus is important.,non-sarcastic
Budget economy ke long-term health ko target karta hai..,non-sarcastic
Short-term disappointment ke bawajood long-term outlook is stable.,non-sarcastic
Budget 2026 continuity and reform ka mixture hai.,non-sarcastic
"Overall, budget growth-centric aur fiscally responsible hai.",non-sarcastic
Budget announce hua aur market ne seedha bungee jump le liya,sarcastic
"Nirmala ji bol rahi thi, sensex already gir chuka tha",sarcastic
Budget sunte hi market ne bola: I'm out.,sarcastic
"Investor sooch raha tha profit, market ne diya reality check.",sarcastic
Budget ke saath saath portfolio bhi present ho gaya-minus mein.,sarcastic
Market reaction inta fast tha ki internet bhi peeche reh gaya.,sarcastic
Budget day ya Black Friday? Samajh nahi aaya,sarcastic
Sensex ka mood swing budget speech she zyada dramatic tha.,sarcastic
"Budget shuru, shares ne emergency exit le li.",sarcastic
Market ne budget ko personally le liya shayad.,sarcastic
"Budget sunte hi portfolio ne ""delete app"" kar diya.",sarcastic
"Nirmala ji tax bata rahi thi, market already punish ker raha tha.",sarcastic
Investor long term aur market long jump…,sarcastic
"Budget speech chal rahi thi, stocks already faint ho gaya!!!",sarcastic
Market said: ye toh expected tha hi nahi!!!,sarcastic
Budget ke baad Sensex bhi middle class ban gaya.,sarcastic
Market crash dekh ke laga gravity free ho gai hai..,sarcastic
Budget ne kaha growth aur market ke sunaaa drop,sarcastic
Portfolio itna laal tha jaise shadi ka lehenga,sarcastic
"Budget day peh sirf hopes nahi, stocks bhi toot gaye.",sarcastic
"Market reaction: zero patience, full emotion…",sarcastic
Budget announce hote hi shares ne lunch break le li,sarcastic
Investor ne kaha hold toh market ne bhi keh diya forget it..,sarcastic
Budget sun ke market ko anxiety ho gai.,sarcastic
Sensex ka graph dekh ke heart rate badh gaya….........,sarcastic
"Budget ke baad ""buy the dip"" bhi dare hue the.",sarcastic
Market said speech was good but main jaa raha hoon.,sarcastic
Budget sun ke bulls bhi vegetarian ho gaye.,sarcastic
Portfolio ka confidence budget ke saath hi gir gaya.,sarcastic
Market crash itna smooth the jaise it was planned.,sarcastic
Budget day peh sirf chai hi nahi stocks bhi girte hai..,sarcastic
"Investor: strong fundamentals, Market: strong gravity.",sarcastic
"Budget ke kaha reform, market ne kiya transform-neeche.",sarcastic
Speech sunke portfolio silent ho gai.,sarcastic
Market reaction dekh ke laga rehearsal nahi hui thi.,sarcastic
"Budget ke baad stocks ne ""mental health break"" le liya.",sarcastic
Sensex ka fall dekh ke Newton proud hota.,sarcastic
Budget speech ke highlights she zayada lows dikhe.,sarcastic
Market ne bola expectations high thi but tolerence low.,sarcastic
Budget sunte hi portfolio ne sad reel bana li.,sarcastic
Market crash ne budget ko viral ker diya.,sarcastic
"Budget ke baad ""long-term investors"" bhi short ho gaye.",sarcastic
Market reaction itna instant tha jaise spoiler mil gaya ho.,sarcastic
Budget day pe sirf investors bhi test hue.,sarcastic
Sensex ka reaction dekh ke laga alarm nahi laga tha..,sarcastic
Budget speech ke baad portfolio ko therapy chahiye.,sarcastic
Market said ye risk disclosure mein likha hona chahiye.,sarcastic
Budget ke saath saath patience bhi sell ho gaya.,sarcastic
Market crash ne pura mood chart red kar diya.,sarcastic
Budget day recap is speech upar and market neeche…,sarcastic
Budget announcement ke baad market main short-term volatility dekhne ko mili.,non-sarcastic
Stock market ka reaction expectations aur policy clarity par depend kerta hai.,non-sarcastic
Budget ke kuch measures se investors cautious ho agye hain.,non-sarcastic
Market fall profit booking aur uncertainty ka result ho sakta hai.,non-sarcastic
Budget day par volatility ek common phenomenon hota hai.,non-sarcastic
Investors ab budget provisions ko detail mein analyse kar rahe hai.,non-sarcastic
"Market reaction immediate hota hai, long-term impact baad main clear hota hai.",non-sarcastic
Policy changes ka effect stocks par gradual dikhega.,non-sarcastic
Budget ke baad market ne mixed response diya hai.,non-sarcastic
Short-term correction long-term investors ke liye opportunity ho sakti hai.,non-sarcastic
Budget mein kuch sectors ke liye concerns raise hue hain.,non-sarcastic
Market movement expectations ke mismatch ki wajah se hua.,non-sarcastic
Investors ab clarity aur guidance ka wait kar rahe hain.,non-sarcastic
Budget speech ke baad sentiment thoda weak dikha.,non-sarcastic
Global factors ke saath domestic policies ka bhi role hai.,non-sarcastic
Market reaction se pata chalta hai ki expectations kaafi high thi.,non-sarcastic
Budget ke baad selective stocks par pressure aaya.,non-sarcastic
Volatility ka matlab hamesha negative outlook nahi hota.,non-sarcastic
Investors cautious approach adopt kar rahe hain.,non-sarcastic
Market fall ka reason sentiment-driven bhi ho sakta hai.,non-sarcastic
Budget ke immediate baad market usually adjust karta hai.,non-sarcastic
Long-term fundamentals abhi bhi important rahenge.,non-sarcastic
Budget ke measures ka real impact implementation par depend karega.,non-sarcastic
Short-term traders aur long-term investors ka reaction alang hota hai.,non-sarcastic
Market correction healthy bhi ho sakti hai…,non-sarcastic
Budget ke baad risk appetite thoda kam hua hai.,non-sarcastic
Investors earnings aur growth outlook par focus kar rahe hain.,non-sarcastic
Market ka reaction data aur policy interpretation par based hai.,non-sarcastic
Budget announcement ke baad uncertainity normal hoti hai.,non-sarcastic
Stock market ne cautious response diya hai.,non-sarcastic
Budget ke baad kuch sectors ko clarity ka wait hai.,non-sarcastic
Market fall se panic lene ki zarurat nahi hai.,non-sarcastic
Long-term investors ko fundamentals par focus rakhna chahiye.,non-sarcastic
Budget ke baad valuation adjustment dekhne ko mila.,non-sarcastic
Market sentiment short-term main negative raha.,non-sarcastic
Policy continuity and execution future performance decide karegi.,non-sarcastic
Budget ke baad investors risk assessment kar rahe hain.,non-sarcastic
Market ka reaction temporary bhi ho sakta hai.,non-sarcastic
Economic indicators par ab zyada dhyaan diya ja raha hai.,non-sarcastic
Budget ke impact ko judge karne ke liye time chahhiye.,non-sarcastic
Market movements emotions ke saath expectations se bhi driven hote hain.,non-sarcastic
Budget ke baad investors selective buying strategy apna rahe hain.,non-sarcastic
Stock market ka fall ek adjustment phase ho sakta hai..,non-sarcastic
Budget ke baad uncertainity gradually clear hogi.,non-sarcastic
Long-term growth story abhi intact reh sakti hai.,non-sarcastic
Market reaction se policy sensitivity reflect hoti hai.,non-sarcastic
Budget ke baad cautiouc optimism dikh raha hai.,non-sarcastic
Short-term pressure ke bawajood fundamentals important rahenge.,non-sarcastic
Market ka response investors ke confidence ko reflect karta hai.,non-sarcastic
Budget ke baad market ko stabilize hone mein thoda time lag sakta hai.,non-sarcastic
"UGC ne equity rule banaya, ab campus mein drama Oscar-worthy hoga.",sarcastic
"""Equality"" ka matlab SC/ST/OBC ko protect karo aur General jaye bhaad main!!",sarcastic
General students ne bola hamari protection shell nahi sirf armour chahiye..,sarcastic
UGC ko shayad equality ka matlabh ache she nahi pata..,sarcastic
BJP ne bhi aaukat dikha di!,sarcastic
UGC ne divide and rule acha sikha from Britishers!,sarcastic
UGC ke iss rule ka use hoga ki nahi pata nahi but misuse zarur hoga!,sarcastic
UGC rule itna clear hai ki sab confused hai..,sarcastic
UGC ne rollback nahi kiya toh General hamesha ke liye back ho jayegi!,sarcastic
Government ne reservation hatane ki jageh reverse discrimination ker di!,sarcastic
iss ugc rule she toh UNO reverse ho gaya,sarcastic
Government ne equality toh kabhi nahi diya but drama hamesha diyaa,sarcastic
Government main shayad padhe likhe log hote toh unhe equality ka matlab bhi samajh ataa,sarcastic
Jinse vote ata tha unko hi backstab ker diya government ne!,sarcastic
Government walo ne shayad maths main sirf divide padhaa hai issliye society divide kerne mai lage hai!,sarcastic
Government focuses on everything bas equality of education ko chor ke,sarcastic
Jinhe lagta hai caste discrimination sirf General wale kerte hai unhe aab apne agyanata ke bubble seh bahar nikal ke dekhna chahiye,sarcastic
UGC rules itne illogical hain ki lagta hai pee kar banaye gaye hein!,sarcastic
ye country aab general walo ke liye nahi raha!,sarcastic
BJP hatao and desh bachao..,sarcastic
BJP ke end ka reason khud BJP hi banegi.,sarcastic
"General is new ""dalit""..",sarcastic
Divide and rule on top!,sarcastic
Mission successful hamara desh bat gaya caste ke naam par…,sarcastic
Hindu VS Hindu…waah Modi ji Waah!!,sarcastic
When the Government got bored in dividing country on the basis of religion toh they started to do it on the basis of caste,sarcastic
Upper caste hona has become a curse now!,sarcastic
Arnab Goswami developing a spine mere 2026 ke bingo card par nahi tha!!,sarcastic
is it Arnab ya shir it's AI!!!!,sarcastic
Campus life aab hearings aur petitions bhar hi reh jayenge…,sarcastic
"Consitution main likhe ""equality"" word ka acha mazak bana rahi government!!",sarcastic
Generals ke liye aab syllabus she survival tough hone wala hai in colleges!!,sarcastic
Government did khud ki pair par kulhadi marne wala kaam!!,sarcastic
UGC ke saree members lagta hai ST/SC/OBC hai!,sarcastic
Agar generals kuch galat kerte hi nahi then why are they so afraid?!!,sarcastic
Operessor aab opress ho rahe!,sarcastic
ST/SC/OBC ko lagta hai reservation suffient nahi lag raha thaa…,sarcastic
General ka support BJP she digest nahi ho paa raha tha!,sarcastic
college campus is going to become a ranbhumi now..,sarcastic
kam seh kam students ko toh chor dete apne discrimination ki scheme main…,sarcastic
"school students ko faltu mai aab equality padhaya ja raha, which they won't see in colleges",sarcastic
aab Generals BJP seh breakup ker legi!,sarcastic
Education ko chor ke aab college campus mai sab kuch hoga..,sarcastic
Government ne bada acha scheme laya hai to distract public from important social issues..,sarcastic
Supreme court hi aab generals ka akhri sahara hai,sarcastic
lagta hai constituion seh equality word erase ker diya hai…,sarcastic
reverse discrimination kerne ke baad aab government ko reverse election results ke liye bhi tayaar ho jana chahiye!!,sarcastic
ugc toh nobal peace prize deserve kerti hein!!,sarcastic
Government ko koi constituion padhao!!,sarcastic
Congratulations Government for you upcoming downfall!,sarcastic
UGC ne naya equity rules laye taaki caste-based discrimination kam ho.,non-sarcastic
Many students support inclusion of OBCs alongside SC/ST in anti-discrimination rules.,non-sarcastic
General category students concerned about lack of safegaurd for false complaints.,non-sarcastic
SC has stayed the implementation of the naya wala UGC rules for now.,non-sarcastic
Protests are happening at multiple universities new UGC rule ke karan.,non-sarcastic
The regulations require equity committees and equal opportuinity centers college mein.,non-sarcastic
Students ka kehna hai that definition of caste discrimination should cover all categories.,non-sarcastic
Some educators feel ki rules help kerti hai real discrimination experience ko address kerne mein.,non-sarcastic
ye rules long-overdue reforms hai.,non-sarcastic
vague language jo use kiya hai UGC ne wo uske karan rule ka misuse ho sakta hai.,non-sarcastic
Government ko lagta hai ki ye rule unfairly kisi ke against nahi use hogi.,non-sarcastic
#UGCRollback students ke bich mai trend peh hai who are opposing the rule.,non-sarcastic
"Petition have been filed in the supreme Court, regulation ko challenge kerne ke liye.",non-sarcastic
Rules aim to prevent discriminatory behaviour higher education mein.,non-sarcastic
Mujhe lagta hai these rules can promote safer campuses.,non-sarcastic
"Equity committees main SC, ST, OBC, Women aur PwD ke representatives honge.",non-sarcastic
Mujhe lagta hai clear mechanism hone chahiye for all class groups.,non-sarcastic
Complaint process ke misuse ke liye strong safegaurd bhi hone chahiye.,non-sarcastic
Transparency in grievance redressal ki bhi demand honi chahiye.,non-sarcastic
Colleges ko aab carefull rehna padega.,non-sarcastic
Fairness honi chahiye for all caste.,non-sarcastic
The new guidelines has replaced purana 2012 wala framework.,non-sarcastic
Student bodies rename ker deni chahiye student activist Rohit Vemula ke naam par.,non-sarcastic
I think Equity measures zaruri hai discriminaton ko tackle kerne ke liye.,non-sarcastic
Har college mai rules ko aache she explain kerna hoga to every student.,non-sarcastic
humko lagta hai ki the stay by SC is a chance to refine the legislation.,non-sarcastic
"Har rule ko clear, fair aur easy to implement hona chahiye.",non-sarcastic
"Educational institutes main ye sab rule nahi lana chahiye, it will divide students more on the basis of caste.",non-sarcastic
OBC wale bhi engage ho rahe protest mein.,non-sarcastic
Dialogue between students aur UGC officials is ongoing.,non-sarcastic
I belience wider consultations hone chahiye kisi bhi rule ko change kerne seh pehle.,non-sarcastic
Students ko detail main pura regulation padhna aur samajhna hoga.,non-sarcastic
aisaa lag raha inn online debates mein multiple perspectives hai without hostility.,non-sarcastic
Campus workshops organize kerwana padega.,non-sarcastic
Equality aur respect toh sare groups ke liye hone chahiye.,non-sarcastic
ye regulation country ko divide ker sakta hai.,non-sarcastic
"Equity rules, anti-discrimination goals ko border kerne ke liye connect ki jati hai.",non-sarcastic
Grievance precedure ki clarity chahiye hamee.,non-sarcastic
there should me more accountability campus mein.,non-sarcastic
Equal protection milna chahiye har category ke insaan ko.,non-sarcastic
ye sab rules UGC ne college mein hue discrimination ke cases ke karan hi banaye hein.,non-sarcastic
Misinterpretation ko prevent kerne ke liye students ko clarity dena hoga.,non-sarcastic
"this topic is very serious, please ispe memes na banaye.",non-sarcastic
Twitter ke karan kaafi information mil jaa raha iss new rule ke bare mein.,non-sarcastic
Smart students iss protests wale situation ko calmy deal kerenge,non-sarcastic
"Caste Discrimination ke millions of issues hai, issliye ye rule sahi hai.",non-sarcastic
Marginalized groups ke equality ko safegaurd kerne ke liye ye regulations important the.,non-sarcastic
Respect sabko milna chahiye irrespective of background.,non-sarcastic
Supreme Court ko fair decision lena chahiye.,non-sarcastic
Because of this rule diverse viewpoints samne aa rahe hein.,non-sarcastic
"Wah kya system hai, paper leak bhi premium feature ban gaya hai.",sarcastic
Mehnat karne wale clowns lag rage hein aab.,sarcastic
Government ne suspense thriller bana diya exam ko,sarcastic
Agla step hai answer key bhi WhatsApp pe milegi kya?,sarcastic
"Hard work is outdated, network is important bro..",sarcastic
Lagta hai caoching wale hi topper decide kerte hai.,sarcastic
Exam seh zyada leak ka wait hota hai!,sarcastic
NEET nahi Netflix series chal rahi hein!,sarcastic
Transparency level invisible ho gaya hai.,sarcastic
Merit? Wo kya hota hai?,sarcastic
Jo honest hai wo hi suffer karega obviously,sarcastic
Ab to paper leak bhi tradition ban gaya hai.,sarcastic
Wah NTA kya system hai tumhara!,sarcastic
Great way to test patience instead of knowlegde yaar!!,sarcastic
Agle saal directly result hi announce ker do,sarcastic
Coaching mafia toh laughing in background…,sarcastic
Paper secure kerna aab sach mein rocket science ban gaya hein!,sarcastic
Future doctors ko hi trust nahi de pa rahee.,sarcastic
Kya confidence build ker rahe ho youth ka! Waah!,sarcastic
Ab to luck bhi syllabus ka part hai.,sarcastic
India mein exam dena bhi ek adventure sport hai…,sarcastic
Syllabus kam tha jo drama add kar diya?!,sarcastic
Fair Competition? Aacha mazak hein..,sarcastic
Mehnat karo aur phir pray karo,sarcastic
"Paper leak without fail, consistency toh dekho..",sarcastic
Students ko stress deke authorities party ker rahi hai!,sarcastic
ab exam ka excitement hi khatam.,sarcastic
Preparation she zyada connection important hai.,sarcastic
Meritocracy left the chat bhaaaiii!!!,sarcastic
"Har saal same story, new headline",sarcastic
Transparency sirf inke press conference mein hoti hai..,sarcastic
Future doctors ko hi anxiety gift ker diya,sarcastic
Education system aab reality show ban gya hai..,sarcastic
Ab rank system bhi lottery she decide kar lo!,sarcastic
Hardworking students iss tolerance ke liye medal deserve kerte hai..,sarcastic
Exam nahi survival test hai!,sarcastic
Paper leak hone ka time bhi aab fix ho gaya hai..,sarcastic
Kya innovation hai education me,sarcastic
Accountability missing since forever bhai…,sarcastic
"Kya surprise twist tha, paper leak again",sarcastic
Exam se pehle hi result predictable,sarcastic
Parents ka paisa aur students ka trust dono waste..,sarcastic
Sabko pata hai but nobody responsible,sarcastic
Waah kya tarika hai youth empowerment ka!!,sarcastic
Fairness optional subject ban gaya hai…,sarcastic
Ab student hi blame honge..,sarcastic
Transparency mode permanently off gaya hai NTA ka..,sarcastic
"Sahi hai, stress build kerte raho",sarcastic
Honest students ko hi punishment milta hai,sarcastic
Education system toh standing ovation deserve kerta hai!,sarcastic
Paper leak hona genuinely hardworking students ke liye unfair hai.,non-sarcastic
Authorities ko security measures strong karne chahiye.,non-sarcastic
"Students already bahut stress me hote hain, ye aur pressure badha deta hai",non-sarcastic
Proper investigation hona zaroori hai.,non-sarcastic
Jo students saalon se preparation ker rahe hain unko justice milna chahiye.,non-sarcastic
Agar leak confirm hai to fair re-exam conduct hona chahiye.,non-sarcastic
Exam process me transparency maintain karna important hai.,non-sarcastic
Students ka future compromise nahi hona chahiye.,non-sarcastic
Jo responsible hai unpe strict action lena chahiye.,non-sarcastic
Aise incidents se system peh trust kam ho jata hai.,non-sarcastic
Education system me reforms ki zarurat hai.,non-sarcastic
Lakhs of aspirants is exam ke liye serious effort lagate hain.,non-sarcastic
Parents aur students dono emotionally affected hote hain.,non-sarcastic
Government ko accountability leni chahiye.,non-sarcastic
Exam credibility maintain kerna is very important.,non-sarcastic
Better digital security systems implement hone chahiye.,non-sarcastic
Har student ko fair opportuinity milni chahiye.,non-sarcastic
Students ki mental health bhi consider karni chaiye.,non-sarcastic
Monitoring system strong hona chahiye.,non-sarcastic
Is issue ko lightly leke government galti ker degi.,non-sarcastic
Coaching wale students bhi equally affected hote hain.,non-sarcastic
Har saal paper leak hona band hona chahiye aab permanently.,non-sarcastic
Authorities ko clear communication dena chahiye.,non-sarcastic
Fair competition ensure kerna system ki responsibility hai.,non-sarcastic
Students ka confidence break ho raha hai.,non-sarcastic
Strong polocies bana zaruri hai aab.,non-sarcastic
Ye repeated issue nahi banna chahiye.,non-sarcastic
Exam integrity maintain karna priority hona chahiye.,non-sarcastic
Youth ko secure future milna chahiye.,non-sarcastic
Investigation ka result public hona chahiye.,non-sarcastic
Honest students ko suffer nahi karna chahiye.,non-sarcastic
Ye situation genuinely unfortunate hai.,non-sarcastic
System improvement ab urgent ho gaya hai.,non-sarcastic
Future doctors selection process transparent hona chahiye.,non-sarcastic
Surveillance aur security tolls better hone chahiye.,non-sarcastic
Trust rebuild karna authorities ki responsibility hai.,non-sarcastic
Exam process audit karna helpful ho sakta hai.,non-sarcastic
Students ki voice necessary hai.,non-sarcastic
Equal opportuinity sabko milni chahiye.,non-sarcastic
Aisi neligence acceptable nahi hai.,non-sarcastic
Immediate corrective steps lene chahiye.,non-sarcastic
Ye serious concern hai students ke liye.,non-sarcastic
Clear guidelines follow karna important hai.,non-sarcastic
System ko students ke interest me kaam karna chahiye.,non-sarcastic
Proper accountability fix honi chahiye.,non-sarcastic
Future ke liye strong safegaurds zaroori hain.,non-sarcastic
Honest preparation ko value milni chahiye.,non-sarcastic
Authorities ko transparency improve karni chahiye.,non-sarcastic
Students ka career stake pe hota hai.,non-sarcastic
Education system fair aur unbiased rehna chahiye.,non-sarcastic
"Wah, nature ko destroy karne me bhi development ka tag laga diya!",sarcastic
Aravali bachane ki baat sirf Environment Day pe hi yaad aati hai shayad.,sarcastic
"Pehle jungle kato, phir pollution pe conference karo…perfect planning!",sarcastic
"Concrete jungle hi future hai, asli jungle ki kya zarurat.",sarcastic
Oxygen cylinder business ka future secure ho raha hai lagta hai.,sarcastic
"Trees remove karke malls lagao, priorities clear hain.",sarcastic
Wildlife ka future kaafi blur dikh raha aab toh..,sarcastic
Green cover kam ho raha hai? Photoshop ker lenge reports main.,sarcastic
"Aravali ko flat bana ke parking bana doh, easy solution!",sarcastic
Climate change sirf textbook ka chapter hai na?,sarcastic
"Mining bina hills ke kaise chalegi, thoda sacrifice to banta hai.",sarcastic
"Nature ko hi privatize kar do, phir shayad safe rahe.",sarcastic
Development la matlab sirf bulldozer kyu hota hai bhai?,sarcastic
Pehle flood aur heatwave aayegi phir sabko yaad aayega Aravali.,sarcastic
Environment ko ignore karna national hobby ban gaya hai.,sarcastic
Aravali bachao tweets karte karte log AC me baith ke complain kar rahe hain.,sarcastic
"Tree cutting ko beautification bol do, sab sorted.",sarcastic
"Hills ko hata ke skyline better lagegi, obvious hai.",sarcastic
Nature ki value tab samajh aayegi jab hawa kharidni padegi.,sarcastic
"Development ke naam pe sab justified hai, tension hi kya hai!",sarcastic
"Jungle hatake farmhouse bana do, elite lifestyle upgrade.",sarcastic
"Report me green dikha do, ground peh kuch bhi ho.",sarcastic
Aravali ko tod ke hi progress milegi shayad according to government.,sarcastic
"Environment activists ko hi anti-development bol do, easy fix.",sarcastic
50 saal purani hills se zyada important naya project hai obviously.,sarcastic
"Trees ko shift ker denge na, simple!",sarcastic
"Pollution badhe to blame vehicles, hills ko kyun bachana.",sarcastic
Heat 45 degree ho to nature ko yaad karna.,sarcastic
Mining ka profit zyada important hai future se.,sarcastic
Green belt ko grey belt banana hi government ka modernization hai.,sarcastic
Wildlife ka bhi relocation plan hoga shayad PowerPoint me.,sarcastic
Nature ko bachana trendy hai but action lene main thoda problem hai.,sarcastic
Sabko fresh air chahiye but trees kisi aur area me hona chahiye.,sarcastic
Development bina destruction ke possible hi nahi hai kya?,sarcastic
Forest cover kam ho raha hai? Filter laga ke green kar denge.,sarcastic
Environment concerns ko ignore karna tradition ho gaya hai.,sarcastic
"Aravali gayi to koi baat nahi, naya resort aa jayega.",sarcastic
"Climate summit me speech aur ground pe bulldozer, perfect balance!",sarcastic
Nature ko bhi adjust kerna padega economy ke saath.,sarcastic
Green tax collect karo aur green land hata do.,sarcastic
"Oxygen free mil rahi thi, ab paid service banegi.",sarcastic
Hills bachane wale log bhi eventually thak jayenge.,sarcastic
Flood aur drought dono aayenge phir blame weather ko.,sarcastic
Reports me sab sustainable hota hai.,sarcastic
Development ka matlab sirf construction hi hota hai kya?,sarcastic
Aravali ko tod ke hi smart city banegi shayad.,sarcastic
Trees ko hatao phir plantation drive ki photo daalo.,sarcastic
Environment ke naam pe sirf hashtags chal rahe hain.,sarcastic
"Nature ko destroy karke phir ""save earth"" reel banana nest level irony hai.",sarcastic
"Aravali ko bachana optional hai, profit mandatory hai.",sarcastic
Aravalli hills ko protect kerna bohot important hai environment ke liye.,non-sarcastic
Deforestation rokne ke liye strict action lena chahiye.,non-sarcastic
Mining activities ko regulate karna zaroori hai.,non-sarcastic
Aravali NCR ke liye natural shield ka kaam karti hai.,non-sarcastic
Agar hills destroy hui to pollution aur badhega.,non-sarcastic
Government ko conservation peh focus karna chahiye.,non-sarcastic
Local wildlife ko protect karna hum sab ki responsibility hai.,non-sarcastic
Illegal construction pe proper monitoring honi chahiye.,non-sarcastic
Aravali groundwater recharge me bhi help karti hai.,non-sarcastic
Development aur environment ke beech balance maintain karna chahiye.,non-sarcastic
Forest cover kam hona long term me harmful hoga.,non-sarcastic
Authorities ko transparent reports publish karni chahiye.,non-sarcastic
Citizens ko bhi awareness spread karni chahiye.,non-sarcastic
Climate change already serious issue hai.,non-sarcastic
Hills ko destroy karna future generations ke saath unfair hai.,non-sarcastic
Environmental laws ko strictly implement karna chaiye.,non-sarcastic
Sustaintable development approach adopt karni hogi.,non-sarcastic
Plantation drives ko seriously lena chahiye.,non-sarcastic
Aravali region ecological hotspot hai.,non-sarcastic
Construction approvals carefully evaluate hone chahiye.,non-sarcastic
Pollution control ke liye natural barriers zaroori hote hain.,non-sarcastic
Long term planning environment friendly honi chahiye.,non-sarcastic
Mining se pehle impact assessment karna important hai,non-sarcastic
Green cover maintain karna NCR ke liye essential hai.,non-sarcastic
Public participation conservation me helpful ho sakta hai.,non-sarcastic
Awareness campaigns aur strong hone chahiye.,non-sarcastic
Biodiversity protect karna national priority hona chahiye.,non-sarcastic
Court orders ka proper compliance hona chahiye.,non-sarcastic
Aravali erosion control me bhi help karti hai.,non-sarcastic
Environmental violations pe strict penalties lagni chahiye.,non-sarcastic
Heatwaves reduce karne me forests help karte hain.,non-sarcastic
Urban planning me ecological factors consider hone chahiye.,non-sarcastic
NGOs aur authorities ko milkar kaam karna chahiye.,non-sarcastic
Illegal mining completely stop honi chahiye.,non-sarcastic
Sustainable infrastructure develop karna better option hai.,non-sarcastic
Air quality improve karne ke liye hills protect karni zaroori hai.,non-sarcastic
Government policies environment friendly honi chahiye.,non-sarcastic
Conservation projects ko funding milni chahiye.,non-sarcastic
Public hearings properly conduct hone chahiye.,non-sarcastic
Environmental education schools me strong honi chahiye.,non-sarcastic
Aravali bachana long term climate strategy ka part kyu nahi hai?,non-sarcastic
Data based decision making adaopt karna zarori ho gaya hai aab.,non-sarcastic
Urban expansion controlled hona chahiye.,non-sarcastic
Citizens ko aab illegal activities report karna hoga.,non-sarcastic
Tree cutting ko minimize kerna possible hai agar planning sahi ho.,non-sarcastic
Environmental audits regularly hone chahiye.,non-sarcastic
Ecosystem damage recover karna mushkil hota hai.,non-sarcastic
Policy makers ko scientific advice follow karni chahiye aab.,non-sarcastic
Natural resources responsibly use karne chai=hiye.,non-sarcastic
Aravali hills ko protect karna hum sab ki collective duty hai.,non-sarcastic
"Wah kya movie thi, interval tak hi patience test ho gaya!",sarcastic
Story itni unpredictable thi ki kuch samajh hi nahi aaya.,sarcastic
Director ne logic ko optional subject bana diya.,sarcastic
Hero ki entry pe physics ne resign kar diya.,sarcastic
Script shayad WhatsApp forward se likhi thi.,sarcastic
Action scenes dekh ke gravity bhi confuse ho gayi.,sarcastic
Itna slow screenplay tha ki buffering yaad aa gayi.,sarcastic
Background music hi real hero tha shayad.,sarcastic
Dialogues sun ke laga meme material mil gaya phir seh.,sarcastic
Plot twist aisa tha ki audience hi twist ho gayi.,sarcastic
Trailer me hi sab best parts dikha diye the.,sarcastic
Editing ne bhi give up kar diya lagta hai.,sarcastic
Hero ka confidence dekh ke NASA contact karna chahiye.,sarcastic
3 ghante ka motivational session lag raha tha.,sarcastic
Villain ka plan bhi PoerPoint level ka tha.,sarcastic
"Cinematography achi thi, bas story missing thi.",sarcastic
Movie dekh ke lagta hai paisa investment tha ya donation.,sarcastic
Actor toh actress ke father ke age ka lag raha tha.,sarcastic
Acting me overconfidence ki dhara beh rahi thi.,sarcastic
Climax mai logic pura vacation peh tha.,sarcastic
Ye movie soft-hearted logo ke liye harmful hai!,sarcastic
Hero ki powers dekh ke Avengers bhi retire ho jaye.,sarcastic
Emotional scene mai bhi log has rahe the.,sarcastic
Director ne creativity ko experimental bana diya.,sarcastic
Ye movie nahi endurance challenge tha.,sarcastic
Script writer ko bhi shock laga hoga result dekh ke!,sarcastic
Itna build-up aur playoff zero!!,sarcastic
Dialogue delivery me volume hi acting thi.,sarcastic
CGI dekh ke 2005 yaad aa gaya.,sarcastic
Itna achi movie thi ki interval ke baad audience half ho gai thi.,sarcastic
Realistic cinema ka matlab kaafi ache she yaad tha inko issliye toh animation hi animation dikh raha tha pure time.,sarcastic
Hero har scene me slow motion me hi kyu tha?,sarcastic
Story ka direction google maps bhi nahi dhundh sakta.,sarcastic
Villain ka character development kerna shayad bhul gaye producers aur directors…,sarcastic
Movie dekh ke laga trailer hi repeat kar dete.,sarcastic
Climax me sab kuch magically all of a sudden solve ho gaya!,sarcastic
"Public review dekh ke curiosity hui thi, ab regret ho raha hai.",sarcastic
"Theatre se nikalte hi sab chup the, samajh jao.",sarcastic
Emotional depth sirf background music me thi.,sarcastic
Ye movie dekhne ke baad thoda break lena padega.,sarcastic
Action itna exaggerated tha ki cartoon yaad aa gyaa.,sarcastic
"Storyline straight thi, bas audience ka interest curved ho gaya.",sarcastic
Hero ko har scene mai slow clap milna chahiye.,sarcastic
Plot holes itne the ki Swiss cheese jealous ho jaye.,sarcastic
Supporting actors better the than main story.,sarcastic
Dialogue writer ko meme page start karna chahiye.,sarcastic
Movie dekh ke expectations permanently low ho gayi.,sarcastic
Screenplay ka GPS off tha pure time.,sarcastic
Director ne confidence me experiment thoda zyada kar diya.,sarcastic
Dhurandhar dekh ke samjha ki patience bhi ek superpower hai.,sarcastic
Dhurandhar ka action sequence genuinely impressive tha.,non-sarcastic
Hero ki screen presence kaafi strong thi.,non-sarcastic
Cinematography visually appealing thi.,non-sarcastic
Background music scenes ko accha support kar raha tha.,non-sarcastic
Story simple thi lekin engaging thi.,non-sarcastic
Climax ka build-up kaafi intense tha.,non-sarcastic
Emotional scenes me actors ne achha perform kiya.,non-sarcastic
Overall movie entertaining lagi.,non-sarcastic
Interval tak story acchi pace me chal rahi thi.,non-sarcastic
Supporting cast ne bhi solid performance diya.,non-sarcastic
Dhurandhar ke dialogues kaafi impactful the.,non-sarcastic
Action choreography iss movie me aachi tareh she execute hui hai.,non-sarcastic
Theatre experience worth it tha.,non-sarcastic
Director ka vision clear tha,non-sarcastic
sabko ye movie ek baar toh dekhni hi chaiye.,non-sarcastic
Iss movie mai patriotism ko express kiya gaya hai.,non-sarcastic
Movie ko dekh ke laga ki secret agents ka kaam itna tough hota hai.,non-sarcastic
Action lovers ko ye movie bohot pasand aayegi.,non-sarcastic
Violence kuch zyada hai in this movie.,non-sarcastic
Family ke sath dekhne layakh movie hai.,non-sarcastic
Interval ke baad bhi interest bana raha.,non-sarcastic
Visual effects decent the.,non-sarcastic
kaafi strong strong actors hai iss movie me.,non-sarcastic
Ranvir Singh ko perfect role mili thi iss movie me.,non-sarcastic
Akshay Khanna ne kaafi aacha comeback kiya.,non-sarcastic
Akshay Khanna ka wo entry dance step aab toh kaafi famous ho gaya hai.,non-sarcastic
I am waiting for Sanjju Baba ki entry.,non-sarcastic
"Akshay khanna ki acting amazing hai, but usne zyada movies me acting nahi ki hai.",non-sarcastic
Ranvir Singh ne Padmavat she bhi better acting ki hai Dhurandhar mai.,non-sarcastic
Iss movie ke saree songs mast hai.,non-sarcastic
Gehra hua song of Dhurardhar is my recent favorite.,non-sarcastic
Overall paisa vasool experience laga bhai mujhe toh.,non-sarcastic
Storyline kaafi easy to follow thi.,non-sarcastic
Har character ka introduction kaafi strong tha.,non-sarcastic
Movie ka scale kaafi grand hai.,non-sarcastic
Movie ne toh box office mai kamal kar diya hai.,non-sarcastic
"Shararat song toh excellent hai Dhurandhar movie ki, aur uski choreography bhi.",non-sarcastic
Ranvir Singh ki strong acting skills kaafi dino baad dubara dekhne ko mili.,non-sarcastic
Theatre toh housefull thi iss movie ke liye.,non-sarcastic
Audience me kaafi craze dikha Theatre se nikalne ke baad.,non-sarcastic
Dhurandhar ke second part ke liye sab abhi she crazy ho rahe hai.,non-sarcastic
Hero aur heroin ki chemistry was superb!,non-sarcastic
I loved how this movie is showing reality of Pakistan ka condition.,non-sarcastic
Iss movie me shayad real life based events dikhaye gaye hai.,non-sarcastic
Part 2 ke liye sab eagerly wait ker rahe hai.,non-sarcastic
I think Deepika honi chahiye thi lead actress iss movie me.,non-sarcastic
Action aur drama ka kaafi sahi balance dikha.,non-sarcastic
Ranvir Singh ki acting kaafi consistent aur achi hai.,non-sarcastic
Pata nahi aab part 2 mai kya surprises hai hamare liye.,non-sarcastic
Mujhe toh pure time movie ne engage kerke rakha.,non-sarcastic
"Bhai kya cinematic universe bana diya,  logic ko cameo bhi nahi mila.",sarcastic
Hero entry pe theatre hil gaya….story wahan hi gir gayi.,sarcastic
Matlab physics ko suspend kar diya shooting ke time?,sarcastic
Screenplay aisa jaise kisi ne fast-forward aur rewind mix kar diya.,sarcastic
"Climax dekh ke laga ""bas itna hi tha?""",sarcastic
Dialogues sunke meme pages khush ho gaye honge.,sarcastic
"Acting thodi zyada hi energetic thi, subtlety chutti pe thi.",sarcastic
Trailer ne overpromise kar diya tha clearly.,sarcastic
"Emotional scene me bhi goosebumps nahi, bas confusion mila.",sarcastic
Ye mass movie thi ya motivational seminar?,sarcastic
Villain ka plan dekh ke laga intern ne likha hai.,sarcastic
Itna slow motion tha ki laga buffering chal rahi hai.,sarcastic
CGI ne nosralgia de idya early 2000s ka.,sarcastic
"Hero ko har cheez aati hai, bas story handle nahi hui.",sarcastic
3 ghante ka confidence workshop attend ker liya!,sarcastic
Background music hi sab emotions carry kar raha tha.,sarcastic
Plot holes the swiss cheese insecure ho gai.,sarcastic
Interval ke baad audience bhi interval pe hi reh gayi.,sarcastic
Director ne experiment kiya….audience pe.,sarcastic
"Script writer ne ""YOLO"" bolke likha hoga.",sarcastic
Theatre se nikale aur sabka facial expression.,sarcastic
Action scenes me gravity ne resign de di.,sarcastic
Hero ka slow clap moment har 10 min mai aa raha tha.,sarcastic
Storyline google maps me bhi trace nahi ho pa rahi thi!,sarcastic
Dhurandhar dekh ke patience skill upgrade ho gaya.,sarcastic
Bhai hero ko sab aata hai…..bas script samajh nahi aayi.,sarcastic
Matlab entry scene pe hi climax energy de di?,sarcastic
Story itni layered thi ki layer mil hi nahi rahi.,sarcastic
Action dekh ke laga cartoon network collab hai.,sarcastic
"Emotional scene me bhi ""skip intro"" feel aa raha tha.",sarcastic
Ye movie dekh ke samajha confidence kya hota hai.,sarcastic
Hero ka luck dekh ke lottery wale inspire ho jaayein.,sarcastic
Screenplay ko thoda direction mil jata toh accha hota!,sarcastic
Theatre me log silent the….respect ya shock pata nahi.,sarcastic
Itna hype bana ke ye deliver kiya? Wah marketing team.!,sarcastic
Physics aur logic dono ne leave apply kar diya.,sarcastic
Dialogues itne loud the ki subtitles ki zarurat nahi.,sarcastic
Hero har frame me slow motion me hi rehta hai kya?,sarcastic
Climax solve ho gaya 2 mintue me…convenience level max.,sarcastic
CGI ka confidence real life se zyada strong tha.,sarcastic
"Story predictable thi, bas accept karne me time laga.",sarcastic
Movie ka pace kabhi sprint kabhi coma mode!,sarcastic
Hero ka hairstyle bhi permanent tha fight ke baad tak!!,sarcastic
Ye action movie thi ya superhero origin story?!?,sarcastic
Supporting cast better perform kar rahi thi than plot.,sarcastic
"Director ne clearly bola hoga ""logic baad me dekhte hain.""",sarcastic
"Mass moments har 5 mintue me daal do, story optional!",sarcastic
Interval ke baad energy drop aisa jaise loo lag gai ho sabko.,sarcastic
Movie khatan hote hi sabko nind aa gai!,sarcastic
Dhunrandhar dekh ke laga patience ka exam clear ho gya!,sarcastic
"Honestly speaking, movie ka scale kaafi bada laga.",non-sarcastic
"Action choreography well executed thi, especially second half me.",non-sarcastic
Hero ka screen presence noticeable tha throughout.,non-sarcastic
Background score ne kaafi scenes uplift kiye.,non-sarcastic
Climax ka intensity level good tha.,non-sarcastic
Commercial entertainer ke hisaab se decent package hai.,non-sarcastic
Emotional beats kuch jagah genuinely connect hue.,non-sarcastic
Visuals aur cinematography impressive lage.,non-sarcastic
Interval twist engaging tha.,non-sarcastic
Villain ka character strong portray hua. ,non-sarcastic
Story predictabe thi but presentation was good.,non-sarcastic
Editing mostly crisp thi.,non-sarcastic
Theatre experience enjoyable raha.,non-sarcastic
Dialogues me mass appeal clearly dikh raha tha.,non-sarcastic
"Songs situational the, random nahi lage.",non-sarcastic
Director aur better kaam kar sakta tha.,non-sarcastic
Action lovers definetly appreciate karenge.,non-sarcastic
Character introduction impactful tha.,non-sarcastic
Movie ka pacing manageable tha overall.,non-sarcastic
Screenplay me effort visible tha.,non-sarcastic
Production quality high standard ki thi.,non-sarcastic
Emotional scenes me performance balanced thi.,non-sarcastic
Hero-villain confrontation scenes intense the.,non-sarcastic
Overall paisa vasool for all of us bro!,non-sarcastic
Dhurandhar ek solid commercial attempt hai.,non-sarcastic
Movie ka action scale genuinely impressive laga.,non-sarcastic
Hero ki performance consistent thi throughout.,non-sarcastic
Climax emotionally engaging tha.,non-sarcastic
Visual treatment kaafi polished tha.,non-sarcastic
Background score ne scenes ko elevate kiya.,non-sarcastic
Commerial cinema ke hisaab se solid attempt hai.,non-sarcastic
Story straightforward thi but presentation strong tha.,non-sarcastic
Villain ka role impactful tha.,non-sarcastic
Cinematography aesthetically pleasing thi.,non-sarcastic
Interval twist interesting tha bro.,non-sarcastic
Action chogerography detailed thi.,non-sarcastic
Theatre me crowd respose postitve tha.,non-sarcastic
Songs scene wise fit ho rahe the.,non-sarcastic
Director ka kaam was amazing  tha bhai.,non-sarcastic
Screenplay mostly tight tha.,non-sarcastic
Hero-villain faceoff intense laga.,non-sarcastic
Emotional depth kuch scenes me noticeable thi.,non-sarcastic
Editing smooth thi overall.,non-sarcastic
Production quality high thi.,non-sarcastic
Pacing thoda uneven tha but manageable bhi tha.,non-sarcastic
Dialogue delivery confident thi.,non-sarcastic
Family audience ke liye bhi watchable hai.,non-sarcastic
Visual effects were very acha.,non-sarcastic
Overall entertaining experience raha.,non-sarcastic
Movie mai dam toh tha dude.,non-sarcastic
"Wah, AI summit me robot hi fake nikla, kya innovation wave hai bhai!",sarcastic
"Galgotias ne AI banana chhodi, ""robot dog repackaging"" shuru kar diya.",sarcastic
Chinese rebodog ko apna declare kar diya - next level marketing.,sarcastic
Galgotia University ke students aab kahi muh dikhane ke layakh bhi nai rahe unke university ke actions ke karan!,sarcastic
"""Orion"" toh robot hai, credibility shayad extinct hai.",sarcastic
AI ne India me first job done by human replace kar diya…uss professor ka!!,sarcastic
Galgotia University ne toh apni international bezzati kerwa li!,sarcastic
Innovation ka matlab sirf label change karna hota hai kya?,sarcastic
Chinese dog ko Indian innovation bolke sab confuse ho gaye.,sarcastic
Summit ke liye fancy sandbox buy kiya..demo mistakenly global trend ban gaya.,sarcastic
Robot she zyaada professor famous ho gai.,sarcastic
"AI summit trending hai, but for all the wrong reasons.",sarcastic
India AI summit ka real innovation aab meme material banke reh gaya hai.,sarcastic
AI summit me innovation kam aur tamasha zyada dikh raha.,sarcastic
"Bechari professor aab ""open to work"" status mai aa gai!",sarcastic
China-made tech ko own innovation bolna next gen flex hai.,sarcastic
"AI showcase chhodo, robot dog ki story zyada entertaining hai.",sarcastic
Iss summit me learnings? Always fact-check before flex karna.,sarcastic
"""Centre of Excellence"" ka matlab sticker lagana nahi hota hai!",sarcastic
Wah! Galgotiya ne kya proud kiya hai nation ko!,sarcastic
Ye robot spy hai ya satire detector?,sarcastic
Retro robot aur future claims - perfect combo.,sarcastic
Galgotiya ne khud ko international level peh embarrasse kerne mai koi kasar nahi chodi!,sarcastic
AI ka mazak bana ke rakh diya hai Galgotiya University ne!,sarcastic
Galgotiya University toh famous ho gai but for wrong reasons only! Hahaha!,sarcastic
Agle AI summit mai pata nahi aab Galgotiya University kis country ke tag ka samaan layegi!,sarcastic
AI ka use toh pata nahi but Galgotiya University ne misuse zarur kar diya!,sarcastic
Pata nahi kaise engineers niklenge Galgotiya University seh!,sarcastic
Galgotiya University ke bhayank marketing ho gai AI summit mai!,sarcastic
Galgotiya ke professors mai kamaal ka confidence hai! Dusro ka credit turant cheen lete hai!,sarcastic
So called AI innovation ka real output has become meme festival now.,sarcastic
Khud ka robot na ban paye toh dusre ke robot ko kharid ke uska credit kaise lene hai ye koi Galgotiya University she sikhe!,sarcastic
Galgotiya University ne pata nahi apni itni proficient professor ko fire kyu kar diya! HAHAHAHAHAHAHA!!!,sarcastic
Galgotiya University toh world level scientists produce kerne mai lagi hai! ,sarcastic
"Orion ne toh pure country ko famous kar diya internationally, or we can say embarrasse kar diya!",sarcastic
China ki aachi parternship nikle with Galgotiya University!,sarcastic
Indian governement ko Galgotiya University se sikhna chahiye ki China ke sath good terms peh kaise aaye!,sarcastic
China aur Galgotiya University gave us friendship goals!,sarcastic
aab robots ka bhi plagrism check karna padega!,sarcastic
Galgotiya University taught us some good hacks dusre country ke innovation ka credit lene ka!,sarcastic
Pata nahi aur kaise kaise greate innovations hue honge Galgotiya University main!,sarcastic
we didn't know ki AI summits itni interesting ho sakti hai!,sarcastic
"If you are searching for greate minds, Galgotiya University jaoo!",sarcastic
I don't know about engineers but Galgotiya University aache thieves produce kar rahe!,sarcastic
"AI ne first job replace kar hi di in India, uss professor ki!",sarcastic
Galgotiya University ne AI summit me communication ki professor ko bhej ke prove ker diya that every professor in that University is greate!,sarcastic
AI summit ne sabko acha entertain ker rakha hai.,sarcastic
"If you want to meet NASA level scientists,  Galgotiya University jao.",sarcastic
Robot aur country dono ka mazak bana ke rakh diya Galgotiya University ne!,sarcastic
China ka robot AI summit me Galgotiya University ke isharo peh nach raha tha!,sarcastic
"Live AI demos me technical confusion ho sakta hai, isko learning opportunity lena chahiye.",non-sarcastic
Agar communication gap hua hai toh clarity dena important hai.,non-sarcastic
AI summit me transparency maintain karna zaroori hota hai.,non-sarcastic
Innovation showcase karte time proper attribute dena chahiye.,non-sarcastic
"Robodog presentation seh kaafi discussion start hua, jo healthy hai.",non-sarcastic
Research aur product development me difference clear hona chahiye.,non-sarcastic
Public events me facts accurate present karna important hai.,non-sarcastic
University ka AI focus positive initiative hai overall.,non-sarcastic
Technical collaborations ko clearly mention kerna chahiye tha.,non-sarcastic
Students ke liye exposure beneficial ho sakta hai.,non-sarcastic
Social media backlash ke baad clarification dena sahi step tha.,non-sarcastic
AI field me global tools use karna common practice hai.,non-sarcastic
Issue ko professionally handle karna zaroori hai.,non-sarcastic
Demo events me pressure kaafi high hota hai.,non-sarcastic
Academic credibility maintain karna institutions ke liye important hota hai.,non-sarcastic
Agar misunderstanding hui hai to usko openly address karna chahiye.,non-sarcastic
AI summit jaise platforms innovation awareness badhate hai.,non-sarcastic
Research ecosystem ko strengthen karna long term goal hona chahiye.,non-sarcastic
Students ko real-world AI tools ka exposure milna accha hai.,non-sarcastic
Attribution aur originality clearly mention karna necessary hai.,non-sarcastic
Public criticism ko constructive feedback ki tareh lena chahiye.,non-sarcastic
Technical presentation me details precise honi chahiye.,non-sarcastic
Institution ne jo clarification diya hai usko consider karna chahiye.,non-sarcastic
AI ecosystem me collaboration common hoti hai.,non-sarcastic
Demo ko controversy ke bajay learning event ki tarah dekhna chahiye.,non-sarcastic
Research transparency academic world me very important hoti hai.,non-sarcastic
"Media coverage ne issue ko highlight kiya, jo accountability ke liye acha hai.",non-sarcastic
Institutions ko future events me better communication ensure karni chahiye.,non-sarcastic
AI innovation ek gradual process hai.,non-sarcastic
Social media reaction kabhi kabhi exaggerated bhi ho jata hai.,non-sarcastic
Technical misunderstanding ko calmly resolve karna better approach hai.,non-sarcastic
Academic leadership  ko clear explanation dena chahiye tha.,non-sarcastic
Summit ka objective AI awareness promote karna tha.,non-sarcastic
Students ke projects aur institutional demos alag hote hain.,non-sarcastic
Public trust maintain karna sabse important hota hai.,non-sarcastic
AI tools ka global sourcing normal practice hai.,non-sarcastic
Proper credit dena academic ethics ka part hai.,non-sarcastic
Event management me coordination strong hona chahiye.,non-sarcastic
AI summit me participation itself positive exposure hai.,non-sarcastic
Issue ko resolve karke future improvements focus karne chahiye.,non-sarcastic
Innovation aur marketing ke beech balance maintain karna zaroori hai.,non-sarcastic
Academic institutions ko accountability seriously leni chahiye.,non-sarcastic
Research branding me clarity hona important hai.,non-sarcastic
Students aur faculty dono ko support milna chahiye.,non-sarcastic
Public demo me small mistakes bhi highlight ho jati hain.,non-sarcastic
AI ecosystem build karne me patience lagta hai.,non-sarcastic
Transparency se credibility strong hoti hai.,non-sarcastic
Institution ko future summits me better preparation karni chahiye.,non-sarcastic
Controversy ke baad discussion constructive direction me jaana chahiye.,non-sarcastic
Overall AI field me growth ke liye open communication zaroori hai.,non-sarcastic
Trailer drop hua aur Twitter pe civil war start.,sarcastic
"Movie release baad me hogi, outrage pehle hi premiere ho gaya.",sarcastic
"Abhi toh trailer hai, log full script likh chuke hain comments me.",sarcastic
Controversy successfully unlock ho gai!,sarcastic
Trailer she zyada heated discussions toh comment section me hai.,sarcastic
Abhi se boycott aur blockbuster dono trend kar raha hai.,sarcastic
Film nahi debate ka season 2 lag raha!,sarcastic
"Half logo ne trailer dekha bhi nahi, opinion ready hai.",sarcastic
Sequel ka naam hi enough hai internet ko trigger karne ke liye.,sarcastic
Trailer drop hote hi chaos shuru!,sarcastic
"Script ka pata nahi, narrative toh already viral hai.",sarcastic
Ye cinema hai ya election campaign teaser?,sarcastic
"Trailer length 2 min, debate duration unlimited.",sarcastic
Abhi se IMDb pe rating war start ho jayega dekh lena!,sarcastic
Release se pehle hi experts ka flood aa gaya.,sarcastic
"Koi popcorn lao, timeline interesting ho gayi hai.",sarcastic
"Movie ka budget alag, outrage ka budget alag.",sarcastic
"""Wait for full context"" - nobody on social media ever.",sarcastic
Trailer dekh ke sab investigative journalist ban gaye.,sarcastic
Sequel ka purpose heal hai ya reveal ya phir reel?,sarcastic
Trailer ne algorithm ko khush kar diya.,sarcastic
"Ek taraf hype, dusri taraf hyperventilation.",sarcastic
Comments padh ke lagta hai sab censor board ke member hain.,sarcastic
"Release ke baad kya hoga, soch ke hi meme page excited hai.",sarcastic
Abhi se WhatsApp University activated.,sarcastic
"Trailer ka slow-mo zyada nahi, slow reasoning zyada hai.",sarcastic
"Film aaye na aaye, debate toh aa chuki hain.",sarcastic
Sequel ka real genre hai Political Thriller in offline mode.,sarcastic
"Audience divided? Nahi, multiplied.",sarcastic
Trailer ka thumbnail hi enough hai logon ko angry react dene ke liye.,sarcastic
PR team silently clapping somewhere.,sarcastic
Neutral rehna is the real controversial opinion now.,sarcastic
"Release se pehle hi verdict aa gaya, wow efficiency.",sarcastic
Ye movie nahi social experiment lag rahi hai.,sarcastic
Trailer ne fandom vs freedom of expression battle start kar diya.,sarcastic
"Log bolte hain"" wait and watch"" - par wait ka patience nahi hai.",sarcastic
Sequel  ka trailer hi sequel level controversy le aaya.,sarcastic
Cinema hall se pehle courtroom discussion ho raha hai.,sarcastic
Meme pages ka content secured till release.,sarcastic
Trailer dekh ke log bol rahe phir she tamasha shuru twitter peh!,sarcastic
Calm discussion? Internet said no.,sarcastic
Sequel ka suspense se zyada suspense reactions me hai.,sarcastic
"Abhi toh teaser hi hai, imagine release day.",sarcastic
"Movie ka villain kaun hai pata nahi, par comment section savage hai.",sarcastic
ek trailer se hi sab pagal ho gaye!,sarcastic
Debate ka TRP high hai already.,sarcastic
Trailer drop hua aur timeline temperature 45 degree celcius.,sarcastic
Opinion economy booming right now.,sarcastic
Cinema se zyada narrative trending hai!,sarcastic
Release se pehle hi sequel ne sequel level chaos create kar diya.,sarcastic
Trailer dekh ke lagta hai film serious subject pe based hai.,non-sarcastic
Full movie dekhe bina judgement pass nahi karna chahiye.,non-sarcastic
"Sensitive topic hai, issliye discussion natural hai.",non-sarcastic
Har sequel ka pressure hota hai expectations ka.,non-sarcastic
"Audience divided hai, par debate healthy rehni chahiye.",non-sarcastic
Film ka real impact release ke baad hi pata chalega.,non-sarcastic
Trailer ne curiosity definitely create ki hai.,non-sarcastic
Agar topic complex hai toh balanced portrayal important hoga.,non-sarcastic
"Cinema discussions emotional ho jate hain, but respectful rehna chahiye.",non-sarcastic
"Sequel ko compare karna obvious hai, par wait karte hain.",non-sarcastic
Social media reactions kaafi intense hain.,non-sarcastic
Trailer ne logon ko strongly react karne pe majboor kiya.,non-sarcastic
Freedom of expression aur social responsibility dono important hain.,non-sarcastic
Film dekh ke hi proper review dena fair hoga.,non-sarcastic
Trailer ka tone serious lag raha hai.,non-sarcastic
Audience ko apna opinion banane ka right hai.,non-sarcastic
Pre-release hype kaafi high hai.,non-sarcastic
Agar narrative balanced hoga toh achi discussion hogi.,non-sarcastic
Trailer se lagta hai film emotional ho sakti hai.,non-sarcastic
"Public reaction mixed hai, jo normal hai.",non-sarcastic
Film makers ka perspective samajhna bhi zaroori hai.,non-sarcastic
Sequel ka subject impactful lag raha hai.,non-sarcastic
Trailer dekh ke lagta hai storytelling intense hogi.,non-sarcastic
Final verdict release ke baad hi possible hai.,non-sarcastic
"Discussion hona accha hai, par hate nahi.",non-sarcastic
Movie ko neutral mindser se dekhna chahiye.,non-sarcastic
Trailer ka cinematic quality decent lag raha hai.,non-sarcastic
Audience expectations kaafi high hain.,non-sarcastic
Agar film factual elements touch karti hai toh sensitivity zaroori hai.,non-sarcastic
"Log emotionally react kar rahe hain, jo understandable hai.",non-sarcastic
Release ke baad clarity milegi.,non-sarcastic
Social media pe polarization visible hai.,non-sarcastic
Trailer ne national attention attract kiya hai.,non-sarcastic
Sequel hone ki wajah se comparisions obvious hain.,non-sarcastic
Content ko context me samajhna important hai.,non-sarcastic
Debate ka tone respectful hona chahiye.,non-sarcastic
"Cinema ka impact society pe hota hai, isliye discussion ho raha hai.",non-sarcastic
Trailer ka editing aur background score strong lag raha hai.,non-sarcastic
Viewers ka reaction diverse hai.,non-sarcastic
Film ko open mind se dekhna better hai.,non-sarcastic
Abhi assumptions zyada ho rahe hain.,non-sarcastic
"Trailer sirf glimpse deta hai, full picture nahi.",non-sarcastic
Constructive criticism important hota hai.,non-sarcastic
Film release pe clarity aayegi ki narrative kya hai.,non-sarcastic
Audience ko decide karne dena chahiye.,non-sarcastic
Social media ka reaction sometimes exaggerated hota hai.,non-sarcastic
Sequel ka buzz kaafi strong hai.,non-sarcastic
Discussion informative bhi ho sakta hai agar calmly ho.,non-sarcastic
Final opinion theatre experience ke baad hi dena chahiye.,non-sarcastic
Let's wait for the movie and then evaluate properly.,non-sarcastic
Congress wale har time new ways le kar aate hai to disappoint the country!,sarcastic
Congress seh yahi expected tha!,sarcastic
AI summit ko fashion show bana diya hai!,sarcastic
Next time protest me sunglasses aur playlist bhi le anaa!,sarcastic
Protest bhi aaj kal stylish ho gaya hai!,sarcastic
Congress wale innovation toh kar nahi sakte issliye protest karne aa gaye!,sarcastic
Protest on aur shirt off!,sarcastic
Innovation chor ke AI summit me sab dekhne ko mil raha!,sarcastic
"Youth Congress ka new campaign hai ""Abs not algorithms"".",sarcastic
Lagta hai youth congress ko protest karte karte garmi lagne lagi!,sarcastic
AI summit me ye fashion moment kab seh allow hone laga bhai!?!?,sarcastic
AI pe baat karte karte democracy ka software hang ho gaya lagta hai!,sarcastic
"Summit ka theme AI tha, par highlight ho gaya ""Arrest Immediately.""",sarcastic
Youth ka voice sunne ke liye mic nahi police ki van ready thi!,sarcastic
Protest ki demand peh dhyaan de dena chahiye people are only critisizing shirtless youth.,sarcastic
AI se future build karenge but present me protest handle nahi kar pa rahe? Interesting.,sarcastic
AI summit me youth ne shirt ko uninstall kar diya aur controversy install kar diya.,sarcastic
Summit me data security ki baat toh hui but democratic security ka kya?!,sarcastic
AI ka algorithm bhi itna sensitive nahi hota jitna politicians ho chuke hai!,sarcastic
"Jab youth leader shirt utare toh national threat, par issues raise kare toh ignore?",sarcastic
"Summit me robots ka welcome, dissenters not so much.",sarcastic
Shirtless protest pe arrest speed 5G se bhi fast thi.,sarcastic
AI future secure karega but present me dissent insecure hai.,sarcastic
"Protest ka message secondary ho gaya, optics primary. Classic.",sarcastic
Freedom of speech ka demo version hi available hai kya?,sarcastic
"AI summit me ""control"" ka practical demonstration mil gaya!",sarcastic
"Summit me future ki baat, but ground reality me country ka future barbaad!",sarcastic
AI aur arrest ka kya gazab ka combo tha!,sarcastic
Political temperature badhaa diya congress youth ne!,sarcastic
Democracy ka beta version chal raha hai kya? Bugs dikh rahe!,sarcastic
"AI se surveillance strong hoga, dissent weak?",sarcastic
"Protest ka style alag tha, par response script purani thi.",sarcastic
Youth participation jab loud ho jaye toh system uncomfortable ho jata hai.,sarcastic
AI summit me irony ka live demonstration mil gaya.,sarcastic
Shirtless protest se zyada transparent toh intention tha.,sarcastic
"Summit ka agenda tech tha, par narrative politics ban gaya.",sarcastic
"Dissent ko disruptive bolna easy hai, engage karna tough.",sarcastic
AI discuss karte karte real emotions ignore ho gaye!,sarcastic
Political theatre aur tech summit - crossover episode.,sarcastic
"Youth politics ka enegry high tha, patience low mila.",sarcastic
Artificial intelligence build kar rahe par emotional intelligence?,sarcastic
"Protest peaceful tha ya provocative - ye debate chalegi, par arrest immediate tha.",sarcastic
"AI summit ka unexpected breakout session: ""Handling Dissent 101.""",sarcastic
Congress ko innovation toh nahi ayaa but disruption create karna ache se ata hai.,sarcastic
AI chor ke sab kuch dikh rha AI summit me!,sarcastic
AI summit ka mazak banana ko youth congress seh sikhe!,sarcastic
Youth congress agar thoda padh likh ke apna innovation showcase karti AI summit me toh zyada acha lagta!,sarcastic
Youth congress ne innovation nahi apni barechest ka showcase kiya AI summit me!,sarcastic
Political narrative itna strong ho gaya hai ki AI background me chala gaya!,sarcastic
"Aritificial Intelligence future ka symbol hai, par dissent present ka reminder.",sarcastic
"Protest karna democratic right hai, par law ka respect bhi important hai.",non-sarcastic
"Shirtless protest ne attention grab kiya, message ko samjhana zaroori hai.",non-sarcastic
Police action public protest ke context me noteworthy hai.,non-sarcastic
Youth participation in politics shows young voices matter.,non-sarcastic
Politics ko education seh alag rakhna chahiye.,non-sarcastic
Law enforcement ne situation control karne ki koshish ki.,non-sarcastic
Freedom of expression aur public order balanced hona chahiye.,non-sarcastic
Viewers ko reason behind protest samjhana chahiye.,non-sarcastic
Shirtless demonstration ek bold method tha.,non-sarcastic
Protest discussion me law and rights dono important hain.,non-sarcastic
Citizens ka voice raise karna civic engagement ka part hai.,non-sarcastic
Summit me issues ko discuss karna transparency ka sign hai.,non-sarcastic
Public ko protest ka real reason aur issues samajhna chahiye.,non-sarcastic
People are not liking Shirtless version of the protest.,non-sarcastic
Protest ke root cause ko samajhna chahiye.,non-sarcastic
Youth ko pura right hai protest karne ka.,non-sarcastic
"Protest hi toh kiya hai, itna issue nahi banana chahiye!",non-sarcastic
Protest ke motive peh clarity milna zaroori hai.,non-sarcastic
Summit me public safety ko bhi dhyaan dena chahiye tha.,non-sarcastic
Youth congress ke protest seh ek academic event me political turn aa gaya. ,non-sarcastic
Discussions around civil liberties vedno legitmate hai.,non-sarcastic
Police response bhi public scrunity me aa raha hai.,non-sarcastic
Protestor ki arrest news widely share ho rhi hai.,non-sarcastic
Logo ko ek dusre ki perspective respect karni chahiye.,non-sarcastic
Peaceful protests democracy ka important hissa hai.,non-sarcastic
Protest topic ko evidence ke sath samajhna chahiye.,non-sarcastic
Summit aur protest dono alag aspects cover ho rahe hain.,non-sarcastic
Public discourse balanced hona chahiye.,non-sarcastic
Law enforcement ka action evaluate kiya ja raha hai.,non-sarcastic
Viewers nuanced opinions share kar rahe hain.,non-sarcastic
Protestor rights aur public decency dono consider honi chahiye.,non-sarcastic
AI summit attendees ne zyada strongly react kiya!,non-sarcastic
Citizens feedback varied hai across platforms.,non-sarcastic
Protests can spark meaningful reform discussions.,non-sarcastic
People are calling for peaceful resolution.,non-sarcastic
Shirtless protest impact aur intent dono discuss ho raha hai.,non-sarcastic
Police aur protestors ke beech dialogue important hoga.,non-sarcastic
Transparency in handling protests necessary hai.,non-sarcastic
Public reaction diverse and expressive hai.,non-sarcastic
Protest visuals widely shared online.,non-sarcastic
Civil discosure helps understand complex issues.,non-sarcastic
Authorities need to ensure peaceful environment.,non-sarcastic
Young voices jo concern express kar rhi hai is a civic engagement.,non-sarcastic
Debate about public order aur free speech is clearly visible.,non-sarcastic
Understanding legal boundaries help karti hai public discussions me.,non-sarcastic
Protest messaging clarity nahi hai.,non-sarcastic
Social media pe viewpoints balanced hona chahiye.,non-sarcastic
Peaceful dialogue foster karti hai understanding.,non-sarcastic
Overall situation ne political engagement highlight kiya hai.,non-sarcastic
Context samajhne ke liye multiple perspective sunna zarori hai.,non-sarcastic
"Har saal ek naya virus trailer drop ho jata hai, kya subscription plan hai ye?",sarcastic
WhatsApp University ne already 20 home remedies release kar diye honge.,sarcastic
"Mask phir se nikal lo guys, fasion comeback ho raha hai.",sarcastic
Government alert se pehle memes alert aa jata hai.,sarcastic
Nipah ke symptoms aise hai ki sabka lag raha ki unko already ho chuka hai.,sarcastic
Ab log fruite bhi aram se nahi kha sakte!,sarcastic
Ek case news me aya aur panic mode on!,sarcastic
Breaking news se zyada breaking forwards aa rahe hain.,sarcastic
"Doctor bole calm raho, Twitter bole apocalypse aa gaya.",sarcastic
News channel background music se hi darr lagne lagta hai.,sarcastic
Public health update ya TRP update?,sarcastic
Ek virus case aur sabko lockdown flashbacks aa gaye.,sarcastic
"Mask, sanitizer, paranoia - reunion episode.",sarcastic
Social media pe experts ka outbreak zyada fast hai.,sarcastic
"Har cheez ka solution: ""Haldi doodh try karo.""",sarcastic
Ab fruit market me bhi log CSI mode me khade honge.,sarcastic
Panic buying ka PTSD abhi gaya nahi.,sarcastic
Ek headline aur pura nation epidemiologist ban gaya.,sarcastic
Vaccine word sunte hi debate shuru.,sarcastic
"Awareness post kam, conspiracy post zyada.",sarcastic
Har virus ko global conspiracy bana dete hain log.,sarcastic
Calm rehne ka advice sabko pasand nahi aata.,sarcastic
"""Source kya hai?"" - ""Forwarded many times.""",sarcastic
Public health announcement se pehle meme page active.,sarcastic
Mask pehen lo warna log judge karenge ya overreact bolenge.,sarcastic
Sab log suddenly bat experts ban gaye.,sarcastic
Virus se zyada misinformation contagious hai.,sarcastic
Media coverage dramatic ho toh anxiety free milti hai.,sarcastic
"Ek state me case, dusre state me panic.",sarcastic
Public memory: Covid flashback activated.,sarcastic
"Sab log bol rahe ""stay safe"" par rules follow kaun karega?",sarcastic
Ek case aur travel cancel discussion start.,sarcastic
Awareness aur overreaction ka thin line logo ko pata hi nahi!,sarcastic
Health news me calm tone milna rare ho gaya hai.,sarcastic
Sab log immunity booster ka business start kar denge.,sarcastic
Panic spread speed is greater virus spread speed se!,sarcastic
Social media ka algorithm fear ko love karta hai.,sarcastic
"Doctor ki baat kam, influencer ki reel zyada viral.",sarcastic
Har cough suspicious lagne lagta hai news ke baad.,sarcastic
"""It's under control"" sunte hi log bolte hain ""Sure?""",sarcastic
Conspiracy theorists ka festive season aa gaya.,sarcastic
Virus news ke saath anxiety free add-on.,sarcastic
Ek case aur public imagination 100x.,sarcastic
"Experts bolte controlled situation, log bolte hidden truth.",sarcastic
Sanitizer companies ka stock mood improve ho gaya hoga abhi tak main!,sarcastic
Public health updates ko bhi political debate bana dete hain!,sarcastic
Awareness se zyada alarm spread ho raha hai.,sarcastic
Ek notification aur sab tension me.,sarcastic
"Science explain karega, WhatsApp confuse karega.",sarcastic
"Virus serious hai, par panic ko bhi control karo bhai.",sarcastic
"Nipah virus serious infection hai, awareness zaroori hai.",non-sarcastic
Authorities ka early response important step hoga.,non-sarcastic
Public ko official guidelines follow karni chahiye.,non-sarcastic
Panic se better prevention hota hai.,non-sarcastic
Symptoms aur transmission ko samajhna important hai.,non-sarcastic
Healthcare workers ka role critical hota hai aise cases me.,non-sarcastic
Public cooperation se outbreak control ho sakta hai.,non-sarcastic
"Rumous spread na karein, verified news share karein.",non-sarcastic
Mask aur hygiene maintain karna helpful hai.,non-sarcastic
State health departments alert mode me hain.,non-sarcastic
Contact tracing timely hona zaroori hai.,non-sarcastic
"Virus ka fatality rate high hota hai, isliye caution important hai.",non-sarcastic
Fruit consumption me proper washing follow karein.,non-sarcastic
Government advisories ko ignore nahi karna chahiye.,non-sarcastic
Social distancing situation ke hisaab se follow karein.,non-sarcastic
Hospitals prepared rehna positive sign hai.,non-sarcastic
Community awareness se transmission kam hota hai.,non-sarcastic
Fear spread karne se situation worse hoti hai.,non-sarcastic
Public health infrastructure strong hona zaroori hai.,non-sarcastic
Early detection lives save kar sakta hai.,non-sarcastic
Medical experts ki baat sunna best approach hai.,non-sarcastic
Nipah outbreaks pehle bhi control kiye gaye hain.,non-sarcastic
Calm rehkar preventive steps lena important hai.,non-sarcastic
Healthcare workers ko support aur respect milna chaiye.,non-sarcastic
Safety guidelines simple but effective hote hain.,non-sarcastic
Travel advisories ko seriously lena hoga.,non-sarcastic
Symptoms mild ho toh bhi doctor consult karein.,non-sarcastic
Isolation measures timely implement karne chahiye.,non-sarcastic
"Virus zoonotic hai, issliye awareness rural areas me bhi zaruri hai.",non-sarcastic
Public hygiene habits improve karna helpful hoga.,non-sarcastic
Government transparency se trust build hota hai.,non-sarcastic
Accurate reporting anxiety kam karta hai.,non-sarcastic
Rumours se zyada scientific facts pe focus karein.,non-sarcastic
Panic buying avoid karein.,non-sarcastic
Schools aur instituitions guidelines follow karein.,non-sarcastic
Health emergency me coordination key factor hota hai.,non-sarcastic
Media ko responsible coverage karna chahiye.,non-sarcastic
Preventive healthcare culture strengthen hona chahiye.,non-sarcastic
Community vigilance important hai.,non-sarcastic
Virus control possible hai with proper action.,non-sarcastic
Awareness campaigns helpful ho sakte hain.,non-sarcastic
Public cooperation se spread minimize hota hai.,non-sarcastic
Healthcare system preparedness reassuring hai.,non-sarcastic
Early reporting suspicious cases important hai.,non-sarcastic
Immunity aur hygiene dono important factors hain.,non-sarcastic
Vaccination research ongoing hoti rehti hai globally.,non-sarcastic
Local authorities ka role decisive hota hai.,non-sarcastic
Responsible social media usage bhi zaroori hai.,non-sarcastic
Safety first approach hi best hai.,non-sarcastic
"Stay informed, stay calm, stay safe.",non-sarcastic
"Twitter pe trend ho gaya toh logo ne maan bhi liya, fact-check optional hai kya?",sarcastic
Ek rumour drop hota hai aur timeline courtroom ban jata hai.,sarcastic
WhatsApp University ka naya semester shuru.,sarcastic
"Source? ""Trust me bro.""",sarcastic
Trend karna = proof ho gaya apparently.,sarcastic
Political Twitter ko bas ek spark chahiye hota hai.,sarcastic
Internet pe naam dekhte hi judgement pass ho jata hai.,sarcastic
Fact-checkers ko overtime season aa gaya.,sarcastic
Rumour ka speed 5G se tez hai.,sarcastic
Ek screenshot aur pura narrative ready.,sarcastic
Social media trial faster than any investigation.,sarcastic
Trending hashtag se sach prove nahi hota bhai.,sarcastic
Neutral rehna sabse controversial opinion ban gaya hai.,sarcastic
Internet ne FIR bhi likh di hogi ab tak.,sarcastic
"Algorithm ko bas drama chahiye, context nahi.",sarcastic
Ek edited list aur logo ka full analysis start!,sarcastic
Political fandom aur scandal keyword is a explosive combo.,sarcastic
"Evidence baad me, outrage pehle.",sarcastic
Timeline pe sab log legal expert ban gaye.,sarcastic
Election season me rumours guilt prove? Interesting logic.,sarcastic
Naam viral hua matlab guilt prove? Interesting logic.,sarcastic
Political debate me verificaton optional lagta hai.,sarcastic
"Log fact-check nahi, forward-check karte hain.",sarcastic
Hashtag warriors active ho gaye.,sarcastic
Internet ka favourite sport hai speculation.,sarcastic
"Public memory short hai, outrage long.",sarcastic
Screenshot culture ban gaya hai new journalism.,sarcastic
Ek rumour se TRP high ho jata hai.,sarcastic
Investigation agencies se pehle instagram detectives active ho jate hai.,sarcastic
Supporters aur critics dono ready hai position me.,sarcastic
"Twitter pe ""breaking"" likh do, credibility mil jati hai kya?",sarcastic
Political rivalry ka fuel mil gaya bas.,sarcastic
Viral post ka source koi nahi puchta.,sarcastic
Proof ka wait karna boring lagta hai shayad.,sarcastic
Internet court me bail bhi comments se milti hai.,sarcastic
"Facts slow hote hain, rumours fast.",sarcastic
Every election cycle needs one big scandal trend.,sarcastic
Outrage economy booming hai.,sarcastic
Social media me nuance survive nahi karta.,sarcastic
Ek rumour aur timeline divided in seconds.,sarcastic
Trolls ka content calender full ho gaya.,sarcastic
"Political debates me ""alleged"" word gayab ho jata hai.",sarcastic
Forwarded as received ban gaya research complete.,sarcastic
Drama ho toh engagement high.,sarcastic
Political polarization ka live demo!,sarcastic
Screenshot se sach establish karna easy ho gaya hia shayad!,sarcastic
Internet pe memory selective hoti hai.,sarcastic
Verificaton? Kisko time hai bhai.,sarcastic
Breaking news se pehle breaking assumption.,sarcastic
Trend ho gaya toh sach hi hoga yahi social media ka logic hai.,sarcastic
Agar koi allegation hai toh uska official confirmation hona zaroori hai.,non-sarcastic
Social media rumours ko blindly believe nahi karna chahiye.,non-sarcastic
Public figures ke naam viral hone se pehle verification important hai.,non-sarcastic
Investigation documents reliable sources se hi check karna sahi rehta hai!,non-sarcastic
Political debates me facts ka role crucial hota hai.,non-sarcastic
Sensational topics pe misinformation fast spread ho jata hai.,non-sarcastic
Responsible sharing important hai.,non-sarcastic
Verified documents hi credible hote hain.,non-sarcastic
False allegations kisi ke reputation ko harm kar sakte hain.,non-sarcastic
Media outlets ko fact-based reporting karni chahiye.,non-sarcastic
Online speculation avoid karna better hai.,non-sarcastic
Law enforcement agencies ka official statement matter karta hai.,non-sarcastic
Digital literacy aaj ke time me essential hai.,non-sarcastic
Viral post ka source check karna chahiye.,non-sarcastic
Political discussions me restraint maintain karna zaroori hai.,non-sarcastic
Public discourse ecidence-based hona chahiye.,non-sarcastic
Rumours se unnecessary tension create hota hai.,non-sarcastic
Allegations ko legally verify karna process ka part hai.,non-sarcastic
Social media trial fair nahi hota.,non-sarcastic
Transparency aur accountability important principles hain.,non-sarcastic
Fact-check platforms ka role important hai.,non-sarcastic
Information consume karte waqt critical thinking use karein.,non-sarcastic
Political polarization se misinformation badhta hai.,non-sarcastic
Verified sources hi trust karne chahiye.,non-sarcastic
Sensational headlines pe immediate reaction avoid karein.,non-sarcastic
Official documents publicly available hone par clarity milegi.,non-sarcastic
Demorcracy me informed discussion important hai.,non-sarcastic
Legal matters ko speculation se door rakhna chahiye.,non-sarcastic
Social responsibility har user ka role hai.,non-sarcastic
Evidence-based debate healthy hote hai.,non-sarcastic
Public figures ko bhi due process ka right hota hai.,non-sarcastic
False narratives long-term damage karte hain.,non-sarcastic
Calm discussion se clarity milti hai.,non-sarcastic
Digital misinformation ek serious issue hai.,non-sarcastic
Political maturity ka matlab verified facts pe baat karna.,non-sarcastic
Hashtag se truth decide nahi hota.,non-sarcastic
Information ka cross-check karna habit banani chahiye.,non-sarcastic
"Investigations complex hote hain, instant answers nahi milte.",non-sarcastic
Social media outrage kabhi-kabhi misleading hota hai.,non-sarcastic
Responsible journalism important hai.,non-sarcastic
Public ko patience rakhna chahiye.,non-sarcastic
"Legal systems evidence pe kaam karte hain, trends pe nahi.",non-sarcastic
Democracy me dialogue respectful hona chahiye.,non-sarcastic
Misinformation avoid karna sabki responsibility hai.,non-sarcastic
Fact-check culture promote karna zaroori hai.,non-sarcastic
Political rivalries rumours ko amplify kar sakti hain.,non-sarcastic
Verified clarification ka wait karna best approach hai.,non-sarcastic
Social media narratives kabhi kabhi incomplete hote hain.,non-sarcastic
 Rational thinking always better hoti hai than emotional thinking.,non-sarcastic
Responsible digital behavior hi long-term solution hai.,non-sarcastic
"Parliament ka session start aur ""viral PDF"" pe debate shuru!",sarcastic
"Evidence kam, slogan zyada is a classic strategy.",sarcastic
Hashtag se Parliament chal raha hai kya ab?,sarcastic
"Alleged list WhatsApp se aayi, par speech full confidence me.",sarcastic
Opposition ko bas ek rumour chahiye hota hai mic milne ke liye.,sarcastic
"""Sources keh rahe hain"", kaunse sources bhai?!?",sarcastic
"Fact-check pending, outrage confirmed.",sarcastic
Parliament me ab Twitter trend bhi admissible evidence hai kya?,sarcastic
"Allegation ko proof bana diya speech me, wah efficiency.",sarcastic
Epstein file se aab national debate set ho gaya.,sarcastic
Political season me rumours ka harvest acha ho raha hai.,sarcastic
Parliament session ya social media recap show?,sarcastic
"""Name mentioned in Epstein file"" bolke half-truth full narrative ban gaya.",sarcastic
Opposition ka new research wing: Screenshot department!,sarcastic
Legal document se pehle political statement ready.,sarcastic
"Desh ka budget side me, Epstein file ka rumour center stage peh.",sarcastic
"""Demand investigation!"" - bas isi line peh TRP mil jati hai.",sarcastic
Epstein file ka viral pdf > Official clarification apparently.,sarcastic
Alledged ko confirm tone me bolna bhi ek art hai.,sarcastic
"Parliament me fact kam, theatrics zyada.",sarcastic
"Government ne bola misinformation, but opposition is apparently deaf.",sarcastic
Hashtag politics ka live demo.,sarcastic
Election near ho toh controversy free me mil jati hai.,sarcastic
"Allegation ka volume high, evidence ka mic mute.",sarcastic
"Parliament me aaj ""Forwarded as received"" padha gaya kya?",sarcastic
Political mileage ka petrol mil gaya.,sarcastic
Rumour ko rocket bana diya speech me.,sarcastic
Investigation agencies se pehle opposition verdict ready ho jati hai!,sarcastic
"Desh ko answers chahiye, netaon ko headlines.",sarcastic
Bina confirmation ke government badnaam!,sarcastic
Modi ji she ye sab expected nahi tha!,sarcastic
Modi toh sirf acha kaam karte the na?,sarcastic
"Epstein file me Indian ki bhi entry ho gai, congratulations!",sarcastic
Ab pata chala Modi ji itni foreign visits ko karte the.,sarcastic
Country ke problems toh solve nahi kar pa rahe BJP wale but foreign visit karne mai bada maza ata hai inko.,sarcastic
Epstein file me modi ji mentioned hai iss cheez pe bhi aab shayad BJP supporters  Modi peh proud feel karenge.,sarcastic
Modi ji ne bhi kuch alag kaam kar hi diya!,sarcastic
Didn't expect ye sab modi ji seh!,sarcastic
Modi ji ne itna acha kaam kiya ki epstein file me unka naam mention ho gayaa!,sarcastic
Kam se kam Epstein file ko toh chor dete Modi ji!,sarcastic
BJP governement har international file me apna naam dekhne ko achievement maanti hai.,sarcastic
Modi ji ne ek aur naya reason de diya unko vote nahi dene ka!,sarcastic
Modi ji har ek wrongdoings mai famous ho jate hai.,sarcastic
Epstein file me Modi ke greatness ka bakhaan hai!,sarcastic
Modi ji ka internaltional trip ban karwana hoga lagta hai.,sarcastic
Ab bhi BJP supporters ko Modi ji peh pura vishwas hota shayad!,sarcastic
International bezzati karwane ke baad kam se kam Modi ji ko 1 saal tak aab India me hi rehna chahiye.,sarcastic
Itna sabke baad bhi Modi ko hi sab PM banayega!,sarcastic
Modi ki reality janne ke baad bhi sab andhe ho jate hai!,sarcastic
BJP governement ek din India ka naam internationally barbaad kar ke hi rahegi!,sarcastic
Opposition ne Parliament me alleged mention par investigation ki demand ki hai.,non-sarcastic
Government ne is claim ko misinformaton bataya hai.,non-sarcastic
Allegations ko verify karna zaroori hai before drawing conclusions.,non-sarcastic
Parliament me transparency ki demand uthayi gayi.,non-sarcastic
Political parties iss issue ko serious matter ke jaise discuss kar rahe hain.,non-sarcastic
Opposition ka kehna hai ki independent probe hona chahiye.,non-sarcastic
Ruling party ne kaha ki Epstein file la claim fake hai.,non-sarcastic
Public ko verified documents ka wait karna chahiye.,non-sarcastic
Legal confirmation ke bina kisi naam ko link karna inappropriate hai.,non-sarcastic
Debate me due process ka mention important tha.,non-sarcastic
"Parliament me uproar hua, lekin clarity abhi pending hai.",non-sarcastic
Political rivalry ke chalte allegations highlight ho rahe hain.,non-sarcastic
Government spokesperson ne officially denial diya.,non-sarcastic
Opposition ne accountability aur transparency ki baat ki hai.,non-sarcastic
Alleged documents ki authenticity confirm nahi hui hai.,non-sarcastic
Law enforcement agencies hi final clarity de sakti hain.,non-sarcastic
Political discourse evidence-based hona chahiye.,non-sarcastic
Misinformation ka impact democratic debate pe padta hai.,non-sarcastic
Parliament me issue raise karna opposition ka right hai.,non-sarcastic
Government ka denial bhi public record ka part hai.,non-sarcastic
Verification ke bina social media claims accpet nahi karne chahiye.,non-sarcastic
Debate ka tone respectful hona chahiye.,non-sarcastic
Public figures ko due process ka right hota hai.,non-sarcastic
Allegations ko political gain ke liye use karnaa controversial ho sakta hai.,non-sarcastic
Investigation demand karna democractic process ka hissa hai.,non-sarcastic
Viral content ko official proof nahi maana ja sakta.,non-sarcastic
Political polarization iss issue ko amplify kar raha hai.,non-sarcastic
Responsible journalism important hai aise matters me.,non-sarcastic
Parliament discussions me evidence produce karna zaroori hota hai.,non-sarcastic
Public ko patience rakhna chahiye jav tak facts clear na ho.,non-sarcastic
Government ne misinformation ke khilaf action ki baat ki.,non-sarcastic
Opposition ne transparency ko primary concern bataya.,non-sarcastic
Democratic system me allegations ka legal scrutiny hona chaiye.,non-sarcastic
Social media narratives imcomplete ho sakte hain.,non-sarcastic
Evidence-based probe clarity la sakti hai.,non-sarcastic
Political debates kabhi kabhi emotional ho jate hain.,non-sarcastic
Official clarification hi final basis hona chahiye.,non-sarcastic
Public discourse me factual accuracy maintain karna zaroori hai.,non-sarcastic
Law agencies ka role decisive hota hai.,non-sarcastic
Allegations ka misuse avoid karna chahiye.,non-sarcastic
Parliament me accountibility ka issue raise hua.,non-sarcastic
Political gain ke accusations dono taraf se aa rahe hain.,non-sarcastic
Bina proper information ke kisi peh allegation nahi lagana chahiye.,non-sarcastic
Digital misinformation se governance discussions distract ho sakte hain.,non-sarcastic
Responsible sharing important hai kyuki Modi ji puri country ko respresent karte hai.,non-sarcastic
"Epstein file mai zaruri nahi hai ki Modi ji ka name mentioned ho, we don't know the reality yet.",non-sarcastic
Epstein file mai Modi ji involved ho hi nahi sakte. ,non-sarcastic
"Modi ji ek ache insaan hai, people are trying to defame him unnecessarily.",non-sarcastic
Epstein file ne hame help kiya Modi ji ki reality janne me.,non-sarcastic
Modi ji ko soch samajh ke statement dena chahiye epstein file wale allegation main.,non-sarcastic
"Haan haan, jab jeet jao toh democracy strong, haar jao toh vote chori.",sarcastic
EVM bhi selective kaam karti hai kya? Sirf opposition ke against? Wah technology!,sarcastic
"Result pasand na aaye toh ""system kharab"" - classic script!",sarcastic
Har election ke baad same rona opposition ka!,sarcastic
"Matlab public kabhi galat ho hi nahi sakti, sirf government hi villain hai hamesha!",sarcastic
"Pehle campaign week karo, phir blame EVM pe daal do. Smart strategy bro!",sarcastic
Democracy tab tak fair thi jab tak aap jeet rahe the. Wah!,sarcastic
Vote chori  ka allegation bhi season-wise aata hai kya?,sarcastic
Evidence zero aur press conference hazar.,sarcastic
Har baar haar ke baad technical fraud bata ke rone lag jao.,sarcastic
"Agar vote chori hui hai toh proof lao, twitter trend nahi!",sarcastic
"Opposition ko public bewakoof lagti hai shayad, issliye vote chori vote chori chillate rehte hai.",sarcastic
System peh trust tab hota hai jab results favour mein ho? Interesting!,sarcastic
"Ye ""vote chori"" ka template ready rehta hai kya pehle se?",sarcastic
"Election Commission bhi biased, EVM bhi biased, voters bhi biased…bas aap hi pure ho?",sarcastic
Har defeat ko conspiracy banana bhi ek talent hai!,sarcastic
"Accountability zaro, allegations hundred.",sarcastic
"Jab narrative weak ho, toh victim card strong kar lo.",sarcastic
Democracy ka respect selective kyun hai bhai?,sarcastic
"""Hum haare nahi, humein haraya gaya"" - new victim card anthem.",sarcastic
Agar itni hi chori ho rahi hai toh phir kuch states mein jeet kaise gaye?!?!,sarcastic
Vote chori ka logic bhi WhatsApp forward jaisa lagta hai.,sarcastic
"Result aaye nahi, pehle se press note ready. Wah planning.",sarcastic
"Public ka mandate accept karn bhi maturity hoti hai, jo shayad congress mai nahi hai!",sarcastic
"Har baar system ko blame karna easy hai, introspection mushkil.",sarcastic
Congress ka rona pata nhi kab band hoga!?,sarcastic
Agar rone ke jageh public ke liye kaam kar liya hota toh aaj rone ki zarurat nhi padti.,sarcastic
"Campaign mein groung pe kam, studio mein zyada energy!",sarcastic
Har defeat ko bas thriller movie bana dena hai!,sarcastic
Jab kaam na kiya ho toh jhuth ka allegation lagana shuru.,sarcastic
Vote chori ka allegation aab routine ho gaya hai.,sarcastic
"Agar sach mein fraud hai toh court jao, camera ke samne rona kyu hai!",sarcastic
Public ko emotional drama se apne side karne ki koshish!,sarcastic
Jab numbers favor me na ho toh narrative change kar doh! Easy!,sarcastic
Congress ki greatness uske har defeat ke baad rone se pata chal jata hai!,sarcastic
Jab state mai jeet jate hai tabh vote chori nahi hoti.,sarcastic
Congress ka rona unke work seh zyada loud kaise ho jata hai!,sarcastic
Itna rone ke jageh kaam kar leta toh aaj Rahul Gandhi Prime Minister ban jata.,sarcastic
Rahul Gandhi itna greate politician hai ki wo aloo she gold bana sakta hai!,sarcastic
Rahul Gandhi ka political speech sunke Kapil Sharma ka show bhi fail ho jata hai! ,sarcastic
Rahul Gandhi ki sister bhi usse better politician hai!,sarcastic
Rahul Gandhi is the first from his family jisne apne family ka naam duba diya hai! What an achievement!,sarcastic
Congress ka performance is as amazing as Dinchak Puja ke songs!,sarcastic
Congress ko aab retire ho jana chahiye!,sarcastic
Congress me bohot dam hai itne time defeat ke baad bhi confidence ke sath wapas bekaar kaam karke vote lene ki koshish karta hai!,sarcastic
Congress democracy ko tabh tak hi maanti hai jabtak congress is the winner!,sarcastic
Congress me greate potential hai just like a donkey!,sarcastic
"Opposition ka rona aab ek loop me chala gaya hai, band hi nahi hota!",sarcastic
Sportsmanship ka definition shayad congress ko nahi pata!,sarcastic
Congress ka harna sirf ek conspiracy hi ho sakta hai! Gazab claims hai iss party ke!,sarcastic
Agar opposition vote chori ka allegation laga rahi hai toh unhe solid evidence present karna chahiye.,non-sarcastic
"Democracy mein transparency sabse important hai, isliye investigation hona chahiye.",non-sarcastic
Election process par doubt uthta hai toh institutions ko clarify karna zaroori hai.,non-sarcastic
Public ka trust maintain karna government aur opposition dono ki zimmedari hai.,non-sarcastic
Agar irregularities hui hain toh independent inquiry honi chahiye.,non-sarcastic
"Allegations ko lightly nahi lena chahiye, proper verification hona chahiye.",non-sarcastic
Election Commission ko openly respond karna chahiye so that confusion khatam ho.,non-sarcastic
Voters ko clear explanation milna chahiye.,non-sarcastic
Democracy tab strong hoti hai jab accountability hoti hai.,non-sarcastic
Political parties ko legal route follow karna chahiye agar unhe complaint hai.,non-sarcastic
Court mein challenge karna best constituitional option hota hai.,non-sarcastic
Instituitions par trust banaye rakhna desh ke liye important hai.,non-sarcastic
Agar flaws hain toh electoral reforms ki zarurat hai.,non-sarcastic
Allegations serious hain toh unbiased probe honi chahiye.,non-sarcastic
"Public discourse fact-based hina chahiye, sirf emotions pe nahi.",non-sarcastic
Election transparency improve karne ke liye technology audit ho sakta hai.,non-sarcastic
"Opposition ka right hai question karna, par proof bhi dena hoga.",non-sarcastic
Government ko bhi clarity deni chahiye taaki rumours band ho.,non-sarcastic
"Democracy mein disagreement normal hai, par process follow karna zaroori hai.",non-sarcastic
Voters ka faith sabse bada factor hota hai.,non-sarcastic
Agar vote counting mein issue hai toh recount ka demand valid ho sakta hai.,non-sarcastic
Electoral system ko strengthen karna sabki responsibility hai.,non-sarcastic
Allegations ko responsibly handle karna chahiye.,non-sarcastic
Political stability ke liye clarity important hai.,non-sarcastic
Public ko transparency ke saath update diya jana chahiye.,non-sarcastic
Media ko bhi facts verify karke report karna hoga.,non-sarcastic
Agar irregularity proof hoti hai toh strict action hona chahiye.,non-sarcastic
Election reforms par open debate hona chahiye.,non-sarcastic
Political parties ko mutual respect maintain karna chahiye,non-sarcastic
"Democracy mein legal remedies available hain, unka use hona chahiye.",non-sarcastic
Election Commision ki credibility maintain rehni chahiye.,non-sarcastic
Public trust ko damage karne wali statements se bachna chahiye.,non-sarcastic
Political disagreements ko constitutional framework mein solve karna chahiye.,non-sarcastic
Agar allegations false hain toh unhe clearly dismiss kiya jana chahiye.,non-sarcastic
Transparency se hi speculation khatam hota hai.,non-sarcastic
Institutions ko neutral aur independent rehna chahiye.,non-sarcastic
Opposition ka role accountability ensure karna hota hai.,non-sarcastic
Government ko cooperative approach lena chahiye.,non-sarcastic
Political maturity dikhana zaroori hai.,non-sarcastic
Election system par open audit confidence badha sakta hai.,non-sarcastic
Voters ka mandate respect karna har party ka responsibility hai.,non-sarcastic
Allegations ko evidence ke saath support karna chahiye.,non-sarcastic
Social media speculation se zyada official clarification matter karta hai.,non-sarcastic
Democracy ka strength process ki integrity mein hota hai.,non-sarcastic
Political leaders ko responsible language use karni chahiye.,non-sarcastic
Election disputes ka legal settlement hona zaruri hai.,non-sarcastic
Public ko misinformation se bachana important hai.,non-sarcastic
Transparent communication trust build karta hai.,non-sarcastic
Electoral integrity national interest ka issue hai.,non-sarcastic
"Final outcome jo bhi ho, constituitional system ko follow karna sabse zaroori hai.",non-sarcastic
"Wah kya progress hai, ab country mein language test deke hi ghoomna padega?",sarcastic
Marathi sikhe bina Maharashtra mein ghoomna aab paap ho gaya hai!,sarcastic
"""Unity in Diversity"" ko uninstall kar diya hai shayad Maharashtra ke logo ne!",sarcastic
"Ab admi pehle bolega, phir decide hoga safe hai ya nahi?",sarcastic
Language pride thik hai but language police kab se ban gaye?,sarcastic
Matlab agar accent thoda different ho toh attack kar doh! Wah kya logic hai!,sarcastic
"Development chhodo, ab grammar checking pe focus hai.",sarcastic
Regional pride ke naam pe goondagardi ka new syllabus aa gaya hai in Maharashtra.,sarcastic
Kya Maharashtra entry ke liye oral exam bhi hoga aab?,sarcastic
Democracy ki band baja di in Maharashtra.,sarcastic
"Marathi bolne ka pyaar alag hai, voilance ka shauk alag hai.",sarcastic
"Language toh itna sara hai in India, ab log zabardasti sab yaad karne baith jaye!",sarcastic
Violence se culture strong hota hai ya sirf headhlines milti hain?,sarcastic
National integration ko sirf optional subject bana diya kya?,sarcastic
"Aaj language pe, kal caste pe, parso religion pe - bas reason chaiye.",sarcastic
Constitution me shayad kahi likha hoga ki non-Marathi pe attack karo!,sarcastic
Pride aur prejudice ka difference samjhana mushkil hai Maharashtra jaise state ke logo ko.,sarcastic
"""Mera state, meri marzi"" ka gaana ga rahe Marathi people.",sarcastic
Democracy mein diversity threat kab se ban gayi?,sarcastic
Ab division religion ke basis peh nahi language ke basis pe shuru hua hai! What a strategy!,sarcastic
Sab apni language peh attack shuru kar doh so that tourism ki band baj jaye!,sarcastic
Ab politics me language division shuru kar diya caste aur religion seh bore ho gaye toh,sarcastic
Regional identity ko shield bana ke democracy ka mazak banana! Good plan!,sarcastic
Marathi asmita ke naam peh other state ke people ki insult shuru.,sarcastic
Federal structure ko street fight bana doh!,sarcastic
Ab jobs nahi mil rahi toh language peh ladna shuru kar doh!,sarcastic
"Real issues pe silence, language pe violence.",sarcastic
"Culture protect karna tha toh art promote karna chahiye tha, assault nahi.",sarcastic
"Ye country 22 official languages ka hai, sirf ek ka nahi!",sarcastic
Jab koi aur plan nahi milta toh politicians divide and rule shuru kar dete!,sarcastic
"Desh ke PM Hindi bolte hai, South me English chalti hai - sab ko maroge?",sarcastic
Maharashtra India ka ek integral part hai ya koi private club?,sarcastic
Agar Marathi nahi boli toh mar kha padega? Amazing logic!,sarcastic
Language se pyaar dikhana ke tarike kuch zyada hi peaceful lag raha Maharashtra me.,sarcastic
"Aaj non-Marathi, kal non-local - list lambi hoti ja rahi hai!",sarcastic
 Law and order bhul gaye Maharashtra ke log!.,sarcastic
Politicians hi jaha itne anpadh hai waha ki politics seh aur kya expect kar sakte.,sarcastic
Non-violence peh speech dete hai aur real life me violence ke liye public ko provoke karte hai kuch greate politicians!,sarcastic
Constitutions Article 19 Marathi subtitles chahiye kya for the people of Maharashtra?,sarcastic
Ab toh travelling pin drop silent ke sath karna hoga India me!,sarcastic
"Mumbai ko cosmopolitan bolte hain, par reality me rural areas wala mindset hai waha ki public ka shayad.",sarcastic
Agar har state language based attack aur mob-lynching shuru kar de toh jald hi India ka map change ho jayega!,sarcastic
Youth ko jab nahi de pa rahe issliye language wars de rahe!,sarcastic
"India me aab culture celebrate nahi impose hone laga hai, and we call ourselves greatest democracy!",sarcastic
"Democracy me diversity strength hoti hai, but india me threat ban gai hai.",sarcastic
Democracy ka mazak banana koi Maharashtra ke logo se sikhe!,sarcastic
Marathi people mai shayad talent ki kami hai issliye other state se itna insecure feel kar rahe.,sarcastic
Agar itna hi cultural pride hai toh Mharashtra ko ek independent nation bana lo.,sarcastic
"""India is my country and all Indians are my brothers and sisters"", ye shayad Maharashtra ke log bhul gaye hai.",sarcastic
Language ke naam pe logon ko marna clearly shows how forward-minded Maharashtra people are!,sarcastic
"Maharashtra me whoever is attacking migrants from other state, especially Bihar, unhe turant accountability face karni chahiye.",non-sarcastic
Kisi bhi state ki public par violence karna is totally wrong.,non-sarcastic
Marathi vs Bihari ka narrative create karke society ko divide karna country ke liye dangerous hai.,non-sarcastic
"Maharashtra ke kuch log agar Bihar ke logon ko target kar rahe hain, toh law enforcement ko strict action lena chaihye.",non-sarcastic
"India is a single nation, internal migration crime nahi hai.",non-sarcastic
"Bihar ke log employment ke liye Maharashtra jate hai, unpe attack karna injustice hai.",non-sarcastic
Regional identity ke naam par Bihar ke migrants ko threaten karna unacceptable hai.,non-sarcastic
Violence kisi bhi issue ka solution nahi hota.,non-sarcastic
Maharashtra me rehne wale har non-Marathi ko safe feel karana government ki responsibility hai.,non-sarcastic
Government ko intervene karke ye sab attack rokna chahiye.,non-sarcastic
"Internal migration constitutional right hai, koi favor nahi.",non-sarcastic
Maharashtra ke authorities ko ensure karana chahiye ki har ek non-Marathi secure ho in their state.,non-sarcastic
Regional tension ko political gain ke liye use nhi karna chaiye,non-sarcastic
Non-Marathi log Maharashtra ki economy ka important part hai.,non-sarcastic
Language ya state origin ke basis par discrimination fundamental right ko violate karta hai.,non-sarcastic
"Agar attacks ho rahe hain, toh fast-track investigation hona chahiye.",non-sarcastic
Maharashtra aur Bihar dono states ko coordinate karna chahiye aone citizens ki safety ke liye.,non-sarcastic
Public leaders ko openly condemn karna chahiye aise incidents.,non-sarcastic
Kisi bhi Bihari ko uske indentity ke basis par target karna is wrong.,non-sarcastic
Law and order sabke liye equal hona chahiye.,non-sarcastic
"Violence karne wale log poore Maharashtra ko respresent nahi karte, but wo poore state ka ek wrong image create kar rahe.",non-sarcastic
Bihar ke students aur workers fear me rehne lage hai in Maharashtra.,non-sarcastic
Political leaders violence ko aur escalate kar rahe hai.,non-sarcastic
India ka constitution har citizen ko free movement ka right deta hai.,non-sarcastic
Regional pride ka matlab dusron ko hurt karna nahi.,non-sarcastic
Agar Bihar ke log zyada target ho rahe toh ye aur bhi serious situation hai.,non-sarcastic
Media ko responsibly report karna chahiye without fueling hate.,non-sarcastic
Maharashtra ka image bhi damage hota hai jab migrants pe attack hota hai.,non-sarcastic
Har state national growth me contribute karta hai.,non-sarcastic
Internal mogration ko crime jaisa treat karna backward mindset hai.,non-sarcastic
Bihar ke labourers infrastructure aur industries mein major role play karte hain.,non-sarcastic
Har citizen ki safety ensure karna state government ka duty hai.,non-sarcastic
Violence se sirf disturbance badhega.,non-sarcastic
Unnecessary public tension create ho raha Maharashtra me.,non-sarcastic
Kisi bhi Bihari ko sirf language ya aacent ke basis pe harass karna should be unacceptable.,non-sarcastic
Strict legal actions hi aise incidents ko rok sakta hai.,non-sarcastic
Political speeches ko responsible hona chahiye.,non-sarcastic
Public ko samajhna hoga ki unity hi strength hai.,non-sarcastic
Migrant workers ke rights ko protect karna natonal priority hona chahiye.,non-sarcastic
"Agar specific targeting ho rahi hai, toh National Human Rights bodies ko bhi dekhna hoga.",non-sarcastic
Violence ke against strong statement Maharashtra leadership ko deni chahiye.,non-sarcastic
Bihar Government ko apni citizens ki safety monitor karni chahiye.,non-sarcastic
Social media par hate spread karna situation ko aur bigaadta hai.,non-sarcastic
"India ka federal system cooperation pe chalta hai, confrontation pe nahi.",non-sarcastic
Internal state rivalry ko political tool nahi banana chahiye.,non-sarcastic
Har Indian ko kisi bhi state mein dignity ke saath jeene ka pura right hai.,non-sarcastic
"Agar attacks confirmed hain, toh exemplary punishment hona chaiye.",non-sarcastic
Regional discrimination ko normalize karna dangerous precedent hai.,non-sarcastic
Youth ko unity aur resoect sikhana zaroori hai.,non-sarcastic
Violence se internally country weak ho rhi hai.,non-sarcastic
Textbook mein reality likh di toh system ko allergy ho gayi kya?,sarcastic
Class 8 ke bacheche itne powerful ho gaye ki judiciary hil gayi?,sarcastic
"Ab syllabus mein sirf ""All is well"" chapter hi add karo.",sarcastic
Critical thinking optional hai kya education system mein?,sarcastic
"Sach likhna defamation ho gaya, interesting development.",sarcastic
Backlog ka mention karna conspiracy ban gaya? Wah.,sarcastic
Ab history bhi sirf approval ke baad hi hogi?,sarcastic
"Book publish hone se pehle ""hurt sentiments audit"" bhi hoga kya?",sarcastic
Judiciary ke problems discuss karna illegal hai kya ab?,sarcastic
"Education ka kaam hai question karna, ya sirf praise karna?",sarcastic
Chapter mein corruption word dekhte hi panic button dab gaya lagta hai.,sarcastic
Agar system perfect hai toh critism se darr kyu?,sarcastic
Textbook ko ban karna easiest solution tha shayad!,sarcastic
"Bachchon ko sach mat batao, warna who sawal pooch lenge.",sarcastic
Democracy mein accountability chapter bhi banned list mein hai kya?,sarcastic
"Investigation textbook pe, par issues pe nahi?",sarcastic
"Ab social science ka naam change karke ""social silence"" kar do.",sarcastic
Har uncomfortable topic ko conspiracy bol dena bhi talent hai.,sarcastic
Students ko ground reality pata chal gayi toh problem kya hai bhai?,sarcastic
Book recall speed dekh ke lagta hai backlog yahan nahi hai.,sarcastic
Education reform ka matlab uncomfortable lines delete karna hai kya?,sarcastic
SC ka order aaya aur pura chapter vanish - fast track justice.,sarcastic
NCERT writers ko ab astrology consult karni padegi publish se pehle.,sarcastic
Agar judiciary strong hai toh ek chapter se image kaise hil gayi?,sarcastic
"Students ko sirf theory padhni chahiye, reality nahi?",sarcastic
Democracy mein criticism bhi subject to approval hai kya?,sarcastic
Chapter se zyada reaction controversial lag raha hai.,sarcastic
Freedom of expression footnote mein reh gaya shayad.,sarcastic
Ab syllabus mein sirf achievements hi achievements!,sarcastic
"Problem highlight karo toh defame, ignore karo toh fine.",sarcastic
Education ka purpose blind trust build karna hai ya informed citizens?,sarcastic
"""Deep conspiracy"" ka tag lagana easy hai, debate karna tough.",sarcastic
Textbook se darr lagta hai toh Twitter ka kya karoge?,sarcastic
"Class 8 students ko underestimate mat karo, woh samajhte hain sab!",sarcastic
"Agar chapter flawed tha toh discussion karte, total ban kyun?",sarcastic
Sach uncomfortable lag gaya Supreme Court ko!,sarcastic
System bas criticize karna janti hai criticism tolerate nahi kar sakti!,sarcastic
Education aur image management mein difference hota hai.,sarcastic
Bachchon ko sirf positive vibes hi chahiye kya?,sarcastic
Academic debate ko legal battle bana diya.,sarcastic
NCERT ko ab content se zyada consequences sochna padega.,sarcastic
Transparency chapter bhi syllabus se hata do phir.,sarcastic
"Democracy mein institutions critique se strong hote hain, ye shayad SC ko samajh nahi ata.",sarcastic
Agar corruption word problematic hai toh dictionary se hi hata do.,sarcastic
Students ko half truth deke mislead kar do!,sarcastic
Education ministry ka damage control mode on ho gaya.,sarcastic
Sach bolna bhi aab ban hai India me!,sarcastic
Judiciary pe discussion taboo ho gaya kya?,sarcastic
Question karna deshdroh nahi hota!,sarcastic
Textbook controversy se zyada controversy pe reaction interesting hai.,sarcastic
"Agar textbook mein judiciary ke issues mention hue hain, toh unka academic context clear hona chahiye.",non-sarcastic
"Supreme Court ka concern samajhna zaroori hai, kyuki instituitions ki dignity important hoti hai.",non-sarcastic
NCERT ko content review process aur strong banana chahiye.,non-sarcastic
Education system mein balance aur factual accuracy sabse important hai.,non-sarcastic
Students ko judiciary ke role ke saath-saath challenges bhi samajhna chahiye.,non-sarcastic
"Agar language inappropriate thi, toh correction hona chahiye.",non-sarcastic
Total ban se pehle academic discussion bhi ho sakta tha.,non-sarcastic
Instituitions ke respect aur freedom of education ke beech balance zaroori hai.,non-sarcastic
Government ka probe initiate karna accountability ka step hai.,non-sarcastic
Textbook content transparent review ke through pass hona chahiye.,non-sarcastic
Education Ministry ko clear guidelines issue karni chahiye future publications ke liye.,non-sarcastic
"Judiciary ke image ko protect karna important hai, par academic analysis bhi valid hota hai.",non-sarcastic
Students ko critical thinking sikhana education ka core part hai.,non-sarcastic
"Agar chapter mein factual errors hain, toh unhe rectify karna chahiye.",non-sarcastic
NCERT ka responsibility hai ki content neutral aur balanced ho.,non-sarcastic
Supreme Court ka intervention serious concern ko reflect karta hai.,non-sarcastic
Public communication clear hona chahiye taaki confusion na ho.,non-sarcastic
Academic autonomy aur institutional respect dono equally important hain.,non-sarcastic
Investigation se clarity milegi ki process meiin kahaan lapse hua.,non-sarcastic
Textbook writing mein expert consultation strong hona chahiye.,non-sarcastic
"Agar chapter controversial tha, toh revision ek better option ho sakta hai.",non-sarcastic
Education ko political debate ka center nahi banna chahiye.,non-sarcastic
Students ke syllabus mein credibility maintain rehni chahiye.,non-sarcastic
Transparency se hi trust build hota hai.,non-sarcastic
Judiciary ke backlog jaise issues factual data ke saath explain hone chahiye.,non-sarcastic
Public institutions ko constructive criticism se benefit milta hai.,non-sarcastic
NCERT ko future editions mein clarity ensure karni hogi.,non-sarcastic
Legal process follow karna democratic framework ka part hai.,non-sarcastic
Public discourse calm aur fact-based hona chahiye.,non-sarcastic
Institutonal harmony maintain karna sabka responsibility hai.,non-sarcastic
"Agar PM ne displeasure express kiya hai, toh internal accountability expected hai.",non-sarcastic
Education reforms mein consultation wide hona chahiye.,non-sarcastic
Students ko balanced perspective milna unka right hai.,non-sarcastic
Book ban karne ka decision carefully justified hona chahiye.,non-sarcastic
Academic content ko political controversy se bachana zaroori hai.,non-sarcastic
Supreme Court ka order follow karna constitutional obligation hai.,non-sarcastic
NCERT ke authors ko guidelines clearly communicate karni chahiye.,non-sarcastic
Institutions ke beech coordination strong hona chahiye.,non-sarcastic
Public trust education system par depend karta hai.,non-sarcastic
Debate ko healthy direction mein le jana zaroori hai.,non-sarcastic
"Agar errors hain, toh responsible correction best approach hai.",non-sarcastic
Democratic system mein dialogue always better hota hai than conflict.,non-sarcastic
Students ke interest ko sabse pehle priority milni chahiye.,non-sarcastic
Academic material evidence-based aur unbiased hona chahiye.,non-sarcastic
Controversy ke baad reforms ka scope bhi hota hai.,non-sarcastic
Government aur judiciary dono ka aim institutional integrity hona chahiye.,non-sarcastic
Education policy ko long-term impact dekh kar design karna chahiye.,non-sarcastic
Clear explanation se speculation kam hota hai.,non-sarcastic
Constitutional values education ka foundation rehna chahiye.,non-sarcastic
"Final goal yeh hona chahiye ki students ko accurate, balanced aur responsible knowledge mile.",non-sarcastic
Wow court ne saboot na dekar bhi free pass de diya - justice express hai kya?,sarcastic
"Case ki goli chhodi, political drama par tikka lag gaya.",sarcastic
"Lacking evidence? Zero proof? Court ne bhi kaha ""haath khali hai""",sarcastic
"Proof missing tha, verdict mil gaya - suspension of logic?",sarcastic
"""Voluminous chargesheet"" ka matlab ""audience entertainment "" hai!",sarcastic
CBI ki investigation par rap? Sounds like courtroom comedy night.,sarcastic
Conspiracy theory? Trial ki Jagah theatrics chalu!,sarcastic
Jhutha case sabit ho hi gaya!,sarcastic
AAP ki badnami karna chah rahe the aab chup ho gaye sab!,sarcastic
BJP ki reality roz samne aa rahi!,sarcastic
AAP ki victory se BJP itni silent kaise ho gayi!,sarcastic
CBI kiske control me hai Supreme Court ne prove kar hi diya!,sarcastic
"Allegation toh bohot bade bade lagaye the, jab evidence manga toh hath khali?",sarcastic
"Evidence ke bina arrest kar rahe, Government ki hegemony dikh rahi clearly!",sarcastic
Investigation short aur drama itna long!,sarcastic
AAP ko target karte karte Modi ji khud hi expose ho rahe!,sarcastic
"BJP opposition ko false allegation mai arrest karwa ke opposition weak karne ka try kar rahi thi, Nice strategy!",sarcastic
Aur karo sab CBI peh trust!,sarcastic
Supreme Court ki verdict she pata chal gaya kaun actual me corruption kar raha!,sarcastic
Corruption khud ka chupana tha issliye opposition ko phasa diya!,sarcastic
Galat blame lagao aur khud ka corruption chupa lo!,sarcastic
Government day by day reality dikha raha!,sarcastic
"BJP ki strategy badi great hai, false allegation laga ke opposition khatam kar doh.",sarcastic
"Arwind ji got saved, baal baal bache!",sarcastic
"AAP ki honesty court ne clean chit deke bata di, phir bhi CBI ko shanti nahi!",sarcastic
Pata nahi bina evidence ke CBI itna naach kyu rahi thi!?,sarcastic
"Yaha lack of evidence, waha AAP ki party shuru!",sarcastic
"Sob story nahi, sober evidence chahiye hota hai.",sarcastic
aab toh Arwind Kejriwaal ke ghar peh badi party hogi!!!,sarcastic
"Wah, itni badi conspiracy thi aur court ko evidence hi nahi mila? Invisible scam tha kya?",sarcastic
"""Saboot nahi mile"" - matlab chargesheet sirf weight training ke liye thi?",sarcastic
Political witch-hunt ka season finale flop ho gaya lagta hai.,sarcastic
"Itne mahino tak headlines, aur end mein clean chit? Script weak thi shayad.",sarcastic
Bina edivence baat karne ki buri aadat lag gayi hai Government ko!,sarcastic
"Jail pehle, proof baad mein - new legal innovation?",sarcastic
"ED aur CBI ka TRP high tha, par courtroom performance low nikla.",sarcastic
"Allegation factory full speed, evidence department on leave.",sarcastic
"Poora desh ko scam samjhaya, court ne bola ""kahan hai scam?""",sarcastic
"Agar proof hota toh clean chit nahi milti, simple maths.",sarcastic
"Political target karna easy hai, court mein prove karna tough.",sarcastic
"Jab narrative strong ho aur evidence weak ho, toh aise hi hota hai!",sarcastic
"Pehle character assassination, baad mein ""lack of evidence."" Classic move.",sarcastic
Agencies ko press conference se zyada prosecution pe focus karna chahiye tha.,sarcastic
"End result: too much noise, but koi proof nahi!",sarcastic
Clean chit ne pura government ka narrative hi disturb kar diya yaar!,sarcastic
"Investigation ka mountain, courtroom ka mouse.",sarcastic
Agar saboot strong hote toh appeal ki baat nahi hoti na!,sarcastic
Democracy hone ke baad bhi government Institutions ka misuse kar pa rahi hai.,sarcastic
"Media trial alag cheez hai, legal trial alag - difference samajh aya ab? ",sarcastic
Political revenge ka tag aur strong ho gaya iss verdict ke baad.,sarcastic
Court ka clean chit clearly dikhata hai ki prosecution apna case prove nahi kar paya.,non-sarcastic
"Agar itne serious allegations the, toh evidence solid  hona chahiye tha.",non-sarcastic
Is verdict se investigation agencies ki credibility par sawaal uthte hain.,non-sarcastic
Political cases mein agencies ko extra careful hona chahiye.,non-sarcastic
Clean chit se yeh message jaata hai ki allegations aur proof alag cheezein hain.,non-sarcastic
Opposition ne case ko bahut aggressively use kiya tha politically.,non-sarcastic
"Agar proof nahi tha, toh itna prolonged legal battle kyu hua?",non-sarcastic
Agencies ko accountability face karni chahiye agar case weak tha.,non-sarcastic
Media trial ne public perception ko kaafi influence kiya.,non-sarcastic
Court ka decision clear karta hai ki legal standard high hota hai.,non-sarcastic
Political rivalry ko criminal investigation mein convert karna dangerous trend hai.,non-sarcastic
"Agar appeal hoti hai, toh agencies ko stronger material lana hoga.",non-sarcastic
Clean chit se supporters ko moral validation mila hai.,non-sarcastic
Yeh verdict political narrative ko impact karega.,non-sarcastic
Legal process ka misuse democracy ko weaken karta hai.,non-sarcastic
"Court ne evidence insufficient mana, iska matlab investigation mein gaps the.",non-sarcastic
Public institutions ko politically neutral rehna chahiye.,non-sarcastic
"Agar agencies repeatedly fail hoti hain prove karne mein, toh reforms ki zarurat hai.",non-sarcastic
Political vendetta ka perception aur strong ho gaya hai.,non-sarcastic
Is case ne governance se zyada controversy ko highlight kiya.,non-sarcastic
"Agar charges serious the, toh prosecution preparation bhi serious honi chahiye thi.",non-sarcastic
"Clean chit ka matlab yeh nahi ki debate khatam ho gayi, par legal clarity mil gayi.",non-sarcastic
Agencies ko press statements se zyada courtroom strategy me focus karna chahiye tha.,non-sarcastic
Democratic system mein proof hi final authority hota hai.,non-sarcastic
Public trust tab build hota hai jab cases solid evidence par based ho.,non-sarcastic
Is verdict ne political polarization ko aur deepen kiya hai.,non-sarcastic
"Agar investigation flawed thi, toh responsibility fix honi chahiye.",non-sarcastic
Legal defeat ko political victory ya defeat mein convert karna common hai.,non-sarcastic
Institutions ki credibility sabse important hai.,non-sarcastic
"Agar appeal fail hoti hai, toh agencies ko introspection karna padega.",non-sarcastic
Political leadership ko bhi responsible statements dene chahiye.,non-sarcastic
Court ka decision accept karna democratic maturity hai.,non-sarcastic
Investigation agencies ko independent aur professional dikhna hoga.,non-sarcastic
Is case ka impact future elections par pad sakta hai.,non-sarcastic
"Agar prosecution weak tha, toh unnecessary incarceration serious concern hai.",non-sarcastic
"Legal system ka kaam emotions nahi, documents dekhna hota hai.",non-sarcastic
Political blame game se zyada institutional reform ki zarurat hai.,non-sarcastic
Public ko judgement ka reasoning samajhna chahiye.,non-sarcastic
"Agar agencies appeal karti hain, toh unhe credible proof lana hoga.",non-sarcastic
Clean chit se narrative shift hona natural hai.,non-sarcastic
"Political accountability sirf allegation se nahi, conviction se hoti hai.",non-sarcastic
"Agar evidence insufficient tha, toh agencies ko justify karna hoga.",non-sarcastic
Is case ne governance aur law enforcement ke beech trust ko affect kiya hai.,non-sarcastic
Democratic system mein due process sabse bada safegaurd hai.,non-sarcastic
Public discourse ko fact-driven hona chahiye.,non-sarcastic
"Agar prosecution politically motivated tha, toh yeh serious issue hai.",non-sarcastic
Clean chit ka respect karna legal obligation hai.,non-sarcastic
Agencies ki professionalism par ab scrutiny aur badhegi.,non-sarcastic
Is verdict ne ek strong political message diya hai.,non-sarcastic
"Ultimately, legal outcome ne yeh clear kiya ki allegations ko proof ke bina sustain nahi kiya ja sakta.",non-sarcastic
Democracy died 2014 mein hi!,sarcastic
"The Public has a goldfish memory, sab bhul jayenge!",sarcastic
"Yes, hum dictatorship me hi hai ek tarike seh!",sarcastic
India is a dictatorship in disguise: wrapped in a shawl jiska naam hai democracy.,sarcastic
Waiting for godi medias coverage.,sarcastic
Ab aisa lagta hai that why did we get Independence from the Britishers!,sarcastic
"Half assed dictatorship tbh, can't even do that properly bhai!",sarcastic
Not acquited…Arvind Kejriwal has been discharged..facts sahi she check karke aao!,sarcastic
This is India where people choose chaiwala instead of IITian and padhe likhe log!,sarcastic
Lagta hai aab India me bhi Hitler ki zarurat hai.,sarcastic
"Liquor case me, allegations became headlines. These headlines shaped the election phir so-called ""honest"" party won!",sarcastic
"Mai iss video ko sach bolne ke zurm me like karta hun, aab mai bhi arrest na ho jaun!",sarcastic
ED aur CBI peh aur karo bharosa..yahi hoga na!,sarcastic
Godi media se kaise expect kar sakte ki wo government she question karegi?!?!,sarcastic
Modi ji ko koi samjhao ki sirf badi badi speech dene seh kuch nhi hota!,sarcastic
Media sawal hi nahi karegi because media toh biki hui hai na!,sarcastic
Modi ji ko akhir press conference she itni dar kyu?,sarcastic
waah kya acting kar raha!,sarcastic
Delhi wale roo rahe hai modi ko vote deke aab…,sarcastic
BJP hatao desh bachao that's it!,sarcastic
"when we said its fraudulent, logo ne hame anti-national declare kar diya.",sarcastic
Andh bhakts still won't trust this.,sarcastic
"When I see hoardings everywhere same face ke saath, I realise its not PM care fund, its ""PM-care fund"".",sarcastic
Democracy is just a soft form of dictatorship. Free will ek illusion hai.,sarcastic
Bhai story laga dunga toh mere kattar hindu dost bura maan jayenge!,sarcastic
Is movie ko andhbhakt hi dekhenge.,sarcastic
"Yehi dekhna bacha tha, desh ke Gaddar bhi ab hero hai!",sarcastic
Desh ka durbhagya hai ki aaj ye log hamare government hai.,sarcastic
Election commision of India ab officially dead ho chuki hai!,sarcastic
"inn sab ke baad bhi BJP jeet rahi hai, it's shameful.",sarcastic
Everytime you lose…yahi sab gaana gate ho.,sarcastic
Its true ki chowkidaar hi chor hai!,sarcastic
Areee na na…its you guys yourself who gave him the chair since 2014. Why screaming your lungs out now?,sarcastic
Nepal treatment chahiye Indian Government ko bhi aab!,sarcastic
Haarne ke baad ye propaganda mast lagta hai.,sarcastic
Chalu ko gaya wapas inn congress walon ka rona!,sarcastic
aisa lagta hai chor ko hi complaint kar rae hai ki chori hui hai..,sarcastic
pata nahi ye jo ache din ka promise kar rahe hai 2014 she wo kab aayenge?,sarcastic
Jab hare toh natak chalu..Sab bro!,sarcastic
BJP = Dictatorship,sarcastic
RIP Election!,sarcastic
People didn't listen to Rahul Gandhi when he was pointing out this issue..toh aab bhugatoo!,sarcastic
"Its high time, ab inko bhi Nepal Genz treatment chahiye!",sarcastic
Ap sabhi ko welcome to the dictatorship.,sarcastic
Modi ne garibi nahi khatam ki instead garibo ko hi khatam karne mai lag gaye!,sarcastic
"Modi is talking like my ex-girlfriend, just giving jhutha waadaa.",sarcastic
"Government ko second problem hai, first problem ham khud hai!",sarcastic
Best acting award Kejriwal ko milni chahiye.,sarcastic
BJP aur Modi Modi ka gaana sun ke bore ho gaye hai aab change chahiye!,sarcastic
"If being educated and supporting Rahul Gandhi is justified, toh mai proudly khud ko uneducated and BJP supporter maanta hun.",sarcastic
"I know BJP is not working properly, but congress ko vote dena iska solution nahi hai.",non-sarcastic
Education aur wisdom ka koi correlation nahi hai.,non-sarcastic
Hamare country main apke jaise aur bhi citizens chahiye. Keep it up!,non-sarcastic
Kejriwal is on fire bhai!,non-sarcastic
Mai UGC ko apna puraa support deta hun!,non-sarcastic
Agar Arijit Singh retire karte hain toh Indian music industry pe bada impact hoga.,non-sarcastic
Unki voice ne ek generation ko define kiya hai.,non-sarcastic
Bollywood ke romantic songs unke bina different lagenge.,non-sarcastic
Fans ke liye ye news emotionally heavy hai.,non-sarcastic
Har mood ke liye unka ek song hota hai.,non-sarcastic
Retirement agar true hai toh Arijit Singh ka contribution unforgatable hoga.,non-sarcastic
Arijit bina boyllywood main jaan nahi bachega.,non-sarcastic
Arijit sir ke live concert ka vibe alag hi hota hai.,non-sarcastic
Arijit Singh ka journey inspiring raha hai.,non-sarcastic
Indian youth ka emotional soundtrack Arijit Singh ne diya hai.,non-sarcastic
Arijit Singh ki voice me raw emotion feel hota hai.,non-sarcastic
Industry ko naye voice ko space dena padega.,non-sarcastic
Har artist ko rest aur balance chahiye.,non-sarcastic
Fans ke liye Arijit Singh ki legacy strong hai.,non-sarcastic
Arijit Sir ka music timeless rahega.,non-sarcastic
"Retirement ka decision personal hota hai, respect karna chahiye.",non-sarcastic
Har artist ko rest ka pura right hai!,non-sarcastic
Har generation ke log Arijit Singh ka song acha lagta hai.,non-sarcastic
Romantic Bollywood ka sound unhone shape kiya hai.,non-sarcastic
Arijit ke songs long drives ka essential part hote hain.,non-sarcastic
Monsoon aur unke songs perfect combo hote hain.,non-sarcastic
Unki versatility impressive hai.,non-sarcastic
Unka contribution awards se beyond hai.,non-sarcastic
Indian cinema unko miss karega.,non-sarcastic
Emotional storytelling me unka role important raha hai.,non-sarcastic
Arijit Singh ka humble nature fans ko ayr close feel karata hai.,non-sarcastic
"Breakup ya love, dono me unki presence hoti hai.",non-sarcastic
Retirement hua but unka music industry par seh impact khatam nahi hoga.,non-sarcastic
Unki simplicity aur talent rare combination hai.,non-sarcastic
Bollywood ka sound evolve hoga but unka era unforgettable rahega. ,non-sarcastic
Arijit Singh ke fans gratitude feel kar rahe hai.,non-sarcastic
Arijit Singh ka naam Indian music history me hamesha rahega.,non-sarcastic
Fans unko hamesha support karenge.,non-sarcastic
Arijit Singh ki legacy already secure hai.,non-sarcastic
Retirement decision ko maturely handle karna chahiye.,non-sarcastic
Indian romantic culture main unka strong influence hai.,non-sarcastic
Unki collaborations kaafi ache the.,non-sarcastic
Music lovers ke liye ye ek emotional moment hai.,non-sarcastic
Agar break le rahe hai toh health aur peace priority hogi.,non-sarcastic
Unki almost saare songs I remember by heart.,non-sarcastic
Voice me sincerity unko alag banati hai.,non-sarcastic
Fans ke liye unki legacy strong hai.,non-sarcastic
Arijit sir ki voice meri favorite voice hai saree singers main.,non-sarcastic
Arijit Singh ko singing nahi chorna chahiye itne jaldi.,non-sarcastic
Unke baad unko maybe koi replace nahi kar paye.,non-sarcastic
"Reform ke naam pe waqf law ko ""restructure"" kar diya, par consultation kitna hua who koi nahi batayega.",sarcastic
"Jab majority institutions pe change hota hai toh ""modernization"", minority pe ho toh ""reform"" - wording ka magic dekho.",sarcastic
Waqf properties suddenly governance priority ban gayi? Wah timing.,sarcastic
Transparency ki baat tab yaad aati hai jab political optics strong ho.,sarcastic
"Agar misuse rokna tha toh data openly release karo, slogans nahi.",sarcastic
"""Accountability"" ka banner laga ke control shift karna easy hai.",sarcastic
State interference ko reform bol dena political branding hai.,sarcastic
"Jab trust deficit ho, tab law change aur suspicious lagta hai.",sarcastic
Land aur property issues hamesha political goldmine hote hain.,sarcastic
"Waqf law debate me governence kam, polarization zyada dikhta hai.",sarcastic
Agar intention pure hai toh stakeholders ka confidence kyu low hai?,sarcastic
"Har structural change ko ""anti-corruption"" bol dena standard template ho gaya hai.",sarcastic
Consultation process transparent hota toh backlash half hota.,sarcastic
"Waqf boards me reform ki zarurat thi, par approach confrontational kyun?",sarcastic
Policy drafting me inclusivity missing lag rahi hai.,sarcastic
Jab opposition criticize kare toh unhe anti-development bol dena easy hai.,sarcastic
"Land regulation ka issue sensitive hota hai, isliye trust build karna zaroori tha.",sarcastic
Reform bina dialogue ke impose lage toh resistance natural hai.,sarcastic
Accountability ke naam pe autonomy dilute karna long-term risky hota hai.,sarcastic
Political messaging law ke content se zyada loud hai.,sarcastic
"Agar governance improve karna hai toh independent audit karao, narrative war nahi.",sarcastic
Minority institutions par focus suddenly intensify hona coincidence lagta hai.,sarcastic
Law ke clauses explain karne ke bajaye emotional debates chalu hain.,sarcastic
"Waqf properties pe clarity laani thi, par controversy aur badh gayi!",sarcastic
Reform genuine hota toh communication strategy better hoti.,sarcastic
Autonomy aur oversight ke beech balance clearly define hona chahiye tha.,sarcastic
"Policy change ko confidence-building exercise banana chahiye tha, power play nahi.",sarcastic
Har structural amendment ko reform label kar dena oversimplification hai.,sarcastic
Agar misuse proof tha toh detailed white paper release karo.,sarcastic
"Transparency sirf speech me nahi, document me dikhti hai.",sarcastic
Waqf law ka political mileage sabse zyada visible hai.,sarcastic
"Institutions me corruption tackle karna zaroori hai, par selective optics questionable hai.",sarcastic
Agar equality principle follow ho raha hai toh sab religious trusts par samee framework apply karo na!,sarcastic
"Public ko clarity chahiye, slogans nahi.",sarcastic
Reform tab credible hota hai jab fear create na kare!,sarcastic
Legal drafting ka tone cooperative hota toh reaction alag hota.,sarcastic
Sensitive reforms bina trust-building ke backlash hi laate hain.,sarcastic
Governance aur polarization ka difference samajh nahi ata Government ko.,sarcastic
Waqf issue ko unnecessarily culture war bana dena government ka naya drama hai!,sarcastic
Policy debate ko religious angle dena politically convenient hota hai.,sarcastic
Agar objective lang management improve karna hai toh uniform framework lao.,sarcastic
Targeted reform ka perception hi controvercy ka reason hai! Aur Government ko ye samajh nahi aata!,sarcastic
"Institutions ko strengthen karna hai ya politically align karna hai, government ko khud clarity nahi hai!",sarcastic
"Public discussion ko informed hona chahiye, fear-driven nahi.",sarcastic
Law ke intent par clarity missing hai toh suspicion se government itna darr kyu raha?,sarcastic
"Reform ki credibility transparency se aati hai, rhetoric se nahi.",sarcastic
Government ke actions itne mahaan hai ki all time india me political polarization rehta hai.,sarcastic
Government bas community ko isi tareh divide karne me lagi rehti hai!,sarcastic
Agar reform genuine hai toh judicial scrutiny she itna darr kyu bhai?!?,sarcastic
"Waqf law seh itne din she government ko problem nahi tha, aab achank inki nind khuli!",sarcastic
"Haan bhai, transparency se sabko allergy ho jaati hai. Reform aate hi panic kyun?",sarcastic
"Jab audit ki baat hoti hai tab sabko ""religious freedom"" yaad aa jaata hai.",sarcastic
Accountability ko bhi communal bana dena ek talent hai!,sarcastic
Public land ka record maang liya toh emergency lag gayi kya?,sarcastic
"Reform ka matlab control nahi, structure hota hai!",sarcastic
Agar sab clean hai toh investigation se darr kaisa?,sarcastic
Governance ko politics bol dena sabse easy defense hai.,sarcastic
"System ko digitize karo toh problem, na karo toh problem.",sarcastic
"Reform matlab rule book update karna, constitution rewrite nahi.",sarcastic
Law ko modernize karna anti-religion kab se ho gaya?,sarcastic
"Jab dusre boards audit hote hain toh theek, yahan kyun issue?",sarcastic
Data transparency se sirf wahi log darte hain jinke paas data clear nahi hota.,sarcastic
Har reform ko attack bana dena bhi ek strategy hai.,sarcastic
Agar misuse nahi hai toh regulations se problem kya?,sarcastic
Emotional debate se governance nahi chalta!,sarcastic
Property ka record maintain karna oppression nahi hota.,sarcastic
Public accountability koi conspiracy theory nahi hoti.,sarcastic
"Reform sunte hi ""democracy in danger"" template ready ho jaata hai.",sarcastic
System ko streamline karna dictatorship nahi hota.,sarcastic
Record verify karna insult kaise ho gaya bro?,sarcastic
"Jahan paisa aur land hai, wahan audit toh hoga hi.",sarcastic
Reform ko communal angle dena sabse purana playbook hai.,sarcastic
Transparency sabke liye equal honi chahiye ya selective?,sarcastic
Agar governance improve ho toh apposition ka narrative weak pad jaata hai.,sarcastic
Har structural achange ko attack bata dena intellectual shortcut hai.,sarcastic
Reform ka matlab rights chheenna nahi hota.,sarcastic
Land management ko politics bana diya gaya.,sarcastic
Accountability se uncomfortable log hi loud hote hain.,sarcastic
Agar system perfect tha toh reform ki zarurat kyun padi?,sarcastic
"Law update karna progress hota hai, persecution nahi.",sarcastic
Emotional slogangs se file manage nahi hoti.,sarcastic
Transparency ko target banana strange logic hai.,sarcastic
Reform oppose karne ka reason clear hona chahiye - sirf noise nahi!,sarcastic
Governance ko religious shield ke peeche hide nahi karna chahiye.,sarcastic
Public institutions ko modern framework chahiye.,sarcastic
"Reform se system strong hota hai, weak nahi.",sarcastic
Digitization ko bhi ideological bana diya gaya.,sarcastic
Property records maintain karna basic administration hai.,sarcastic
Agar misuse allegations hain toh verification normal step hai.,sarcastic
Har reform ko election stunt bol dena convenient hota hai.,sarcastic
Structure aur supervision se system collapse nahi hota.,sarcastic
Transparency se sirf  rumour market band hota hai.,sarcastic
"Accountability se trust build hota hai, break nahi.",sarcastic
Reform ko fear campaign banana political strategy hai.,sarcastic
Agar sab legal hai toh regulation se tension kyu?,sarcastic
Law ko time ke saath update karna democracy ka part hai.,sarcastic
Public asset management ko sensitive tag dekar avoid nahi kiya ja sakta.,sarcastic
Governance reform ko communal lens se dekhna flawed approach hai.,sarcastic
Structure improve karna authoritarian move nahi hota.,sarcastic
"Reform ka opposition karna easy hai, system improve karna difficult!",sarcastic
"Reform ka main goal transparency lana hai, aur transparency galat nahi hoti.",non-sarcastic
"Agar land aur assets manage ho rahe hain, toh proper audit hona hi chahiye.",non-sarcastic
Governance improve karna interference nahi hota.,non-sarcastic
Property records digitize karna long-term stability ke liye zaroori hai.,non-sarcastic
"Accountability se system strong hota hai, weak nahi.",non-sarcastic
Public assets ko structured regulation ki zarurat hoti hai.,non-sarcastic
Reform se management better ho jayega.,non-sarcastic
"Agar sab kuch proper hai, toh audit se problem nahi honi chahiye.",non-sarcastic
Legal clarity future disputes ko kam arti hai.,non-sarcastic
Oversight se misuse ke chances reduce hote hain.,non-sarcastic
System modernization time ki demand hai.,non-sarcastic
Har institutions ko compliance norms follow karne chahiye.,non-sarcastic
Public trust transparency se hi build hota hai.,non-sarcastic
Reform democracy ka natural process hai.,non-sarcastic
Land management structured hona hi chahiye.,non-sarcastic
Reform democracy me hona hi chahiye bhai.,non-sarcastic
Land management structured hai toh achi baat hai.,non-sarcastic
Strong documentation institution ko protect karta hai.,non-sarcastic
Governance reforms long-term benefit ke liye hote hain.,non-sarcastic
Law update karna normal legislative process hai.,non-sarcastic
Reform se administrative clarity aati hai.,non-sarcastic
Proper asset mapping encrochment rokne mein help karta hai.,non-sarcastic
Oversight system accountability ensure karta hai.,non-sarcastic
Transparent functioning sabke interest mein hota hai.,non-sarcastic
Regulation ko communal angle dena sahi approach nahi hai.,non-sarcastic
Reform se process streamline hota hai.,non-sarcastic
Clear records legal disputes kam karte hain.,non-sarcastic
Public institutions ko modern framework follow karna chahiye.,non-sarcastic
Compliance standards sabke liye equal hone chahiye.,non-sarcastic
Governance improve karna government ki responsibility hai.,non-sarcastic
Accountability trust ko strengthen karti hai.,non-sarcastic
Institutional credibility transparency se hi aati hai.,non-sarcastic
Reform se resource utilization better hota hai.,non-sarcastic
Structured supervision irregularities ko reduce karta hai.,non-sarcastic
Public land ka proper record maintain hona chahiye.,non-sarcastic
Reform system ko organized banata hai.,non-sarcastic
Clear authority structure confusion kam karta hai.,non-sarcastic
Monitoring mechanism misuse rokta hai.,non-sarcastic
Legal modernization se loopholes close hote hain.,non-sarcastic
Reform future generations ke liye stability laata hai.,non-sarcastic
Administrative efficiency improve hona positive sign hai.,non-sarcastic
Clear guidelines officials ko better kaam karne mein help karti hain.,non-sarcastic
Transparency misinformation ko kam karti hai.,non-sarcastic
Audit institutional integrity ko strengthen karta hai.,non-sarcastic
Reform ka objective governance improve karna hai.,non-sarcastic
Proper documentation institutional autonomy protect karta hai.,non-sarcastic
Structured regulation long-term sustainability ke liye zaroori hai.,non-sarcastic
Compliance se credibility build hoti hai.,non-sarcastic
Reform se system predictable banta hai.,non-sarcastic
Clear legal framework disputes reduce karta hai.,non-sarcastic
"Oversight ka matlab control nahi, monitoring hota hai.",non-sarcastic
Governance strengthen karna political issue nahi hona chahiye.,non-sarcastic
Public confidence structured reforms se hi aata hai.,non-sarcastic
Data-driven management zyada effective hota hai.,non-sarcastic
Accountability bina governance incomplete hai.,non-sarcastic
Transparent asset management sabke interest mein hai.,non-sarcastic
Reform ka focus administrative improvement par hai.,non-sarcastic
Clear records litigation kam karte hain.,non-sarcastic
Compliance discipline ensure karta hai.,non-sarcastic
Public trust maintain karna priority hona chahiye.,non-sarcastic
Reform se operational clarity aati hai.,non-sarcastic
Proper checks and balances healthy system ki nishani hai.,non-sarcastic
Governance update karna time ke saath zaroori hota hai.,non-sarcastic
Legal clarity se uncertainity kam hoti hai.,non-sarcastic
Reform se structured dispute resolution possible hota hai.,non-sarcastic
Transparent reporting se speculation kam hota hai.,non-sarcastic
Institutional reforms se efficiency improve hoti hai.,non-sarcastic
Accountability misuse ke allegations ko address karta hai.,non-sarcastic
Reform systematic management ko promote karta hai.,non-sarcastic
Structured governance se fairness ensure hoti hai.,non-sarcastic
Public asset management strong hona chahiye.,non-sarcastic
Reform stability aur predictability laata hai.,non-sarcastic
Clear compliance rules officals ko guide karte hain.,non-sarcastic
Governance improve hona positivedevelopment hai.,non-sarcastic
Reform se internal conflicts kam ho sakte hain.,non-sarcastic
Transparency democratic values ko support karti hai.,non-sarcastic
Oversight responsible functioning ensure karta hai.,non-sarcastic
Digitization long-term solution provide karta hai.,non-sarcastic
Legal updates system ko relevant banaye rakhte hain.,non-sarcastic
Reform ka aim structured administration hai.,non-sarcastic
Public institutions ko periodic review ki zarurat hoti hai.,non-sarcastic
Accountability system ko discipline banata hai.,non-sarcastic
Clear property governance zaroori hai.,non-sarcastic
Reform se trust deficit kam hote hai.,non-sarcastic
Administrative modernization se confusion kam hota hai.,non-sarcastic
Structured framework se efficiency badhti hai.,non-sarcastic
Governance clarity sabke benefit ke liye hoti hai.,non-sarcastic
Reform institutional resilience ko strong karta hai.,non-sarcastic
Proper asset documentation future disputes prevent karta hai.,non-sarcastic
Transparent systems rumour market band karte hain.,non-sarcastic
Reform ka purpose better management hai.,non-sarcastic
Oversight se institutional image improve hoti hai.,non-sarcastic
Compliance long-term credibility ensure karta hai.,non-sarcastic
Governance strengthen karna democratic duty hai.,non-sarcastic
Reform se operational gaps close hote hain.,non-sarcastic
Public interest ke liye structured management zaroori hai.,non-sarcastic
Accountability institution ko legally secure harta hai.,non-sarcastic
Clear governance model stability laata hai.,non-sarcastic
Transparency se hi confidence build hota hai.,non-sarcastic
Reform ko governance improvement ke perspective se dekhna chahiye.,non-sarcastic
"Wah, court ki kya zarurat hai jab bulldozer hai na.",sarcastic
Judiciary slow hai toh chalo construction machinery se juctice de dete hain.,sarcastic
"Evidence optional, demolition compulsory.",sarcastic
"Rule of law? Nahi bhai, rule of loader.",sarcastic
Legal notice se zyada powerful bucket arm hoti hai shayad.,sarcastic
"Constitution ko side rakho, ignition on karo.",sarcastic
"Trial boring hoti hai, demolition entertaining hota hai.",sarcastic
Fast-track court ka upgrade version: fast-track bulldozer,sarcastic
Due process outdated concept lag raha hai.,sarcastic
"Judge ka pen slow hai, bulldozer ka lever fast hai.",sarcastic
Justice system ko shortcut mil gaya lagta hai.,sarcastic
"Law books band karo, engine start karo.",sarcastic
Allegation aaya? Toh ghar gaya!,sarcastic
Appeal ka option ya sirf ignition ka?,sarcastic
Courtroom drama ki jageh site visit drama.,sarcastic
"Proof baad mein dekhenge, pehle structure hatao.",sarcastic
Punishment before conviction - innovative model hai.,sarcastic
Democracy with demolition vibes.,sarcastic
Bulldozer ka sound hi verdict hai kya?,sarcastic
FIR ke baad directly JCB booking.,sarcastic
Legal reform ka naam demolition drive hai kya?,sarcastic
Media trial + bulldozer final exam.,sarcastic
Presumption of innocence? Vintage idea.,sarcastic
Bulldozer brand ambassador of governance.,sarcastic
"""Sabak sikhana"" new legal doctrine lag raha hai. ",sarcastic
"Court order optional, optics mandatory.",sarcastic
Instant justice = instant headlines.,sarcastic
Appeal file karo ya foundation remove karo?,sarcastic
Constitution ko bhi hard hat pehna do.,sarcastic
Bulldozer diplomacy internal version.,sarcastic
Judicial review ka substitute heavy machinery ho gaya.,sarcastic
"Punishment trending hona chahiye, legal hona secondary.",sarcastic
Governance ya ground leveling?,sarcastic
Bulldozer se rule of law measure ho raha hai kya?,sarcastic
Court ki date se pehle demolition date fix ho jati hai.,sarcastic
Democracy ka naya mascot mil gaya.,sarcastic
"Accused ho ya not, structure toh jayega",sarcastic
Optics > legality.,sarcastic
Justice ya PR exercise?,sarcastic
Bulldozer ka horn hi warning notice hai kya?,sarcastic
Justice system ko construction industry outsource kar diya kya?,sarcastic
"Trial ko time lagta hai, demolition ko diesel.",sarcastic
Rule of law ko bhi renovation ki zarurat hai shayad.,sarcastic
Bulldozer justice - where due process takes a backseat.,sarcastic
"Evidence collection slow, destruction fast.",sarcastic
"Symbolism zyada, legality kam.",sarcastic
Justice system ko construction permit mil gaya.,sarcastic
"Bulldozer hi judge, jury, executioner.",sarcastic
Law and order ya law on order?,sarcastic
"Agar machine se justice milta, toh courts band kar doh.",sarcastic
Bulldozer justice rule of law ke principle ke against lagta hai.,non-sarcastic
Punishment bina proper trial ke dena constitutional concern hai.,non-sarcastic
Due process democracy ka basic pillar hai.,non-sarcastic
State ko law ke framework ke andar hi action lena chahiye.,non-sarcastic
Instant demolition legal safeguards ko bypass karta hai.,non-sarcastic
Accused ko fair hearning milni chahiye.,non-sarcastic
Collective punishment democratic values ko weaken karta hai.,non-sarcastic
Law enforcement ko court ke through proceed karna chahiye.,non-sarcastic
Optics ke liye legal procedure ignore nahi karna chahiye.,non-sarcastic
Justice system ka respect maintain rehna zaroori hai.,non-sarcastic
Demolition action transparent aur legally justified hona chahiye.,non-sarcastic
"Governance symbolic nahi, constitutional hona chahiye.",non-sarcastic
Accountability bina trial ke incomplete hai.,non-sarcastic
State power ka use proportionate hona chahiye.,non-sarcastic
Emotional response legal response nahi hota.,non-sarcastic
Law ka implementation uniform hona chahiye.,non-sarcastic
Punitive action court conviction ke baad hi hona chahiye.,non-sarcastic
Democracy mein institutions ka role ignore nahi ho sakta.,non-sarcastic
Executive power ko judicial oversight ki zarurat hoti hai.,non-sarcastic
Property rights bhi constitutional protection mein aate hain.,non-sarcastic
Enforcement action selective nahi hona chahiye.,non-sarcastic
Legal clarity demolition drives mein essential hai.,non-sarcastic
Human rights safeguards ignore nahi hone chahiye.,non-sarcastic
Instant justice long-term trust ko damage karta hai.,non-sarcastic
Rule of law sab par equally apply hona chahiye.,non-sarcastic
Investigation aur evidence collection priority honi chahiye.,non-sarcastic
Media pressure legal procedure ko influence nahi karna chahiye.,non-sarcastic
State action legally defensible hona chahiye.,non-sarcastic
Bulldozer approach judicial process ko undermine karta hai.,non-sarcastic
Governance ko constitutionally aligned rehna zaroori hai.,non-sarcastic
Accused ko legal remedies ka right milna chahiye.,non-sarcastic
Fair trial democratic system ka backbone hai.,non-sarcastic
Executive symbolism se instutional balance disturb hota hai.,non-sarcastic
Law enforcement ko restraint dikhana chahiye.,non-sarcastic
Demolition action ka clear legal basis public hona chahiye.,non-sarcastic
Transparency bina trust build nahi hota.,non-sarcastic
State ko due process follow karna hi hoga.,non-sarcastic
Instant punishment precedent create karta hai.,non-sarcastic
Judicial independence protect rehni chahiye.,non-sarcastic
Law ko consistent tareeke se apply karna zaroori hai.,non-sarcastic
Collective penalty democratic norms ke khilaf hai.,non-sarcastic
Legal safegaurds ignore karna dangerous trend hai.,non-sarcastic
Governance ko rights aur order ke beech balance maintain karna chahiye.,non-sarcastic
"Constitution sabse upar hai, machinery nahi.",non-sarcastic
Public support ke naam par legal standards compromise nahi hone chahiye.,non-sarcastic
Fair investigation bina punishment incomplete hai.,non-sarcastic
Institutional credibility due process se hi banti hai.,non-sarcastic
State power ka misuse avoid karna priority hona chahiye.,non-sarcastic
Justice system ko bypass karna long-term risk create karta hai.,non-sarcastic
Democracy tab strong hoti hai jab law process follow hota hai.,non-sarcastic
"Wah, GDP ka data chahiye but caste ka dara nahi chahiye? Selective transparency much?",sarcastic
"Jab vote maangna ho tab caste yaad, par count karna ho tab ""national unity"" yaad.",sarcastic
Data se darr kyun lag raha hai agar sab equal hai?,sarcastic
"Population count theek hai, caste count se desh toot jayega? Kaisa logic hai yeh?",sarcastic
"Development ka claim karte ho, par ground reality measure nahi karna?",sarcastic
Agar inequality khatam ho gayi hai toh census se confirm kar lo na.,sarcastic
"Sabka saath, par data ka haath nahi?",sarcastic
Evidence-based policy sirf PoerPoint tak limited hai kya?,sarcastic
"Reservation pe debate full energy se, par actual numbers pe silence.",sarcastic
Caste khatam ho gayi hai bolne wale shaadi mein biodata dekhte kyun hai?,sarcastic
"""Merit"" defend karne wale data se itna uncomfortable kyun?",sarcastic
Agar sab barabar hain toh count karne mein problem kya hai?,sarcastic
"Transparency sirf economy tak, society tak nahi?",sarcastic
"Jab politics caste pe hoti hai, census se problem kyun?",sarcastic
Ground survey se zyada WhatsApp survey pe trust hai shayad.,sarcastic
Facts se darr lagta hai ya numbers se?,sarcastic
Data collect karna suddenly divisive ho gaya.,sarcastic
Inequality ignore karne se equality aa jaati hai kya?,sarcastic
"Census se fracture nahi hota, denial se hota hai.",sarcastic
Agar system fair hai toh data usko prove karega hi!,sarcastic
"""Don't divide society"" ka slogan reality hide karne ka tool lagta hai.",sarcastic
"Poverty count kar sakte hain, caste count nahi? Interesting.",sarcastic
"Debate ideology pe, data pe nahi - convenient hai.",sarcastic
Agar caste irrelevant hai toh political tickets ka distribution random hona chahiye na?,sarcastic
Development narrative data ke bina incomplete hai.,sarcastic
Social justice bina statistics ke kaise possible hai?,sarcastic
Jab benefit distribute karna ho tab caste valid count karna ho tab invalid.,sarcastic
Policy guesswork se nahi data se banti hai.,sarcastic
"Caste census se sach saamne aayega, shayad isiliye issue hai.",sarcastic
Equality ke slogans aur ground reality match karte hain kya? Check kar lo.,sarcastic
Data ke bina targeted welfare karna hai sabko.,sarcastic
Census ko threat bana ke overreact karna hai bas.,sarcastic
Agar caste politics khatam hai toh census harmless hona chaihye na.,sarcastic
Numbers uncomfortable ho sakte hain issliye sab bhaag raha!,sarcastic
Social justice bina measurement ke illusion hai.,sarcastic
"Agar inequality myth hai toh census uss myth ko destroy kar dega, darne ki kya zarurat?",sarcastic
"Debate emotional zyada, emphirical kam.",sarcastic
"Evidence se hi reform hota hai, tamasha she nahi!",sarcastic
Data nahi collect karenge toh kya stone collect karenge?,sarcastic
Census se unity weak hoti hai ya denial se?,sarcastic
Agar sab progress kar rahe hain toh gap visible kyu nahi hona chahiye?,sarcastic
Data-driven governance ka slogan sirf economy ke liye?,sarcastic
"Census ko fear campaign banana unnecessary hai, toh unnecessary kaam karte raho!",sarcastic
Reality measure karna division hota hai inke according!,sarcastic
Transparency selective kyu hai inki?,sarcastic
Social structure ko ignore karke policy banana chahte hai!,sarcastic
"Census sach dikhaega, aur sach uncomfortable hota hai!",sarcastic
"Agar caste irrelevant hai toh census prove kar dega, itna dar kis baat ka bhai?",sarcastic
Ground truth jane bina policy effective banana chahte hai!,sarcastic
Data se bhaagna solution hai inn logo ka.,sarcastic
Caste census se accurate social data milega jo policy making mein help karega.,non-sarcastic
Targeted welfare programs ke liye reliable statistics zaroori hote hain.,non-sarcastic
Inequality ko address karne ke liye usko measure karna essential hai.,non-sarcastic
Social justice evidence-based hona chahiye.,non-sarcastic
Caste census se representation gaos identify ho sakte hain.,non-sarcastic
Data transparency democratic accountability ko strengthen karti hai.,non-sarcastic
Census se resource allocation better ho sakta hai.,non-sarcastic
Ground-level disparities samajhne ke liye data important hai.,non-sarcastic
Policy formulation guesswork pe nahi hona chahiye.,non-sarcastic
Caste census se social indicators ka clearer picture milega.,non-sarcastic
Development tab effective hota hai jab data accurate ho.,non-sarcastic
Welfare schemes ko rationalize karne ke liye statistics needed hain.,non-sarcastic
Census se regional inequality bhi highlight hogi.,non-sarcastic
Data-driven governance modern democracy ka part hai.,non-sarcastic
Accurate demographic mapping policy efficiency badhata hai.,non-sarcastic
Representation analysis ke liye caste data relevant hai.,non-sarcastic
Census se affirmative action policies evaluate ki ja sakti hain.,non-sarcastic
Social reforms ke liye evidence zaroori hai.,non-sarcastic
Data se myths aur assumptions clear hote hain.,non-sarcastic
Transparent numbers se public debate mature hota hai.,non-sarcastic
Caste census long-term planning mein help karega.,non-sarcastic
Statistical clarity se inclusive growth possible hoti hai.,non-sarcastic
Social structure ko understand kiye bina reform incomplete hai.,non-sarcastic
Census se socio-economic gap quantify hoga.,non-sarcastic
Governance ka focus measurable outcomes par hona chahiye.,non-sarcastic
Data se accountability improve hoti hai.,non-sarcastic
Evidence-based approach emotional politics se better hai.,non-sarcastic
Census se beneficiary identification accurate hogi.,non-sarcastic
Social equity ke liye data collection zaroori hai.,non-sarcastic
Inequality ko ignore karna solution nahi hai.,non-sarcastic
Census se institutional planning improve hogi.,non-sarcastic
Transparent demographic data trust build karta hai.,non-sarcastic
Resource distribution objective hona chahiye.,non-sarcastic
Census se ground reality reflect hogi.,non-sarcastic
Public policy measurable metrics par depend karti hai.,non-sarcastic
Inclusive governance data ke bina incomplete hai.,non-sarcastic
Census se social justice initiatives review ho sakte hain.,non-sarcastic
Accurate numbers se debate informed hogi.,non-sarcastic
Evidence-based reform sustainable hota hai.,non-sarcastic
Census se long-term socio-economic roadmap ban sakta hai.,non-sarcastic
Inequality reduction ke liye baseline data zaroori hai.,non-sarcastic
Data clarity se welfare leakage reduce hota hai.,non-sarcastic
Census democratic transparency ka extension hai.,non-sarcastic
Social indicators measure karna progressive step hai.,non-sarcastic
Caste census se representation imbalance address ho sakta hai.,non-sarcastic
Policy effectiveness evaluate karne ke liye data essential hai.,non-sarcastic
Inclusive growth tab possible hai jab disparity visible ho.,non-sarcastic
Census se public discourse facts par shift hoga.,non-sarcastic
Accurate data se targeted development accelerate hota hai.,non-sarcastic
"Caste census ek administrative tool hai, division ka instrument nahi.",non-sarcastic
"Apne desh ke issue pe silent mode, par foreign leader ke liye full emotional thread ready.",sarcastic
Local problems pending leking global mourning priority.,sarcastic
"Inflation pe zero tweets, foreign dictator pe 10 stories.",sarcastic
"India mein kuch bhi ho, reaction mild lekin bahar kuch ho toh meltdown shuru!",sarcastic
"Apne city ke potholes ignore, Iran ke politics pe expert analysis!",sarcastic
"Domestic news skip, international grief trip karo bas..",sarcastic
"Ghar mein bijli ka bill high, par global revolution pe high emotion.",sarcastic
"Apne soldiers pe neutral, par foreign strongman pe sentimental.",sarcastic
Abhi Pahalgam attack pe toh itna nahi roye jitne Khamenei ke death peh roo rahe!,sarcastic
"Local injustice peh ""no comments"", foreign news pe ""we mourn deeply"".",sarcastic
"Apne constitution pe discussion nahi, par doosre country ke reigme pe tears.",sarcastic
"Desh ke farmers protestpe no comment, aab Khamenei ke liye protest kar rahe!",sarcastic
"Apne leaders ko criticize full power se, par foreign dictator ko tribute mode.",sarcastic
"Ghar ki democracy flawed, par baha ki authority iconic?",sarcastic
"National issues ke liye ""busy hun"", international grief ke liye free hu.",sarcastic
"Local problems ignore, foreign leadership glorify.",sarcastic
"India mein development debate dull, Middle East politics cool.",sarcastic
"Apne country ka civic sense missing, par global geopolitics pe passion overflowing.",sarcastic
"Apne country ke tragedies pe two lines, foreign headline pe two paragarphs.",sarcastic
"""We stand with them"" - par apne logo ke saath kab stand karoge?",sarcastic
"Desh ka education system broken, par global power struggle pe emotional token.",sarcastic
"Apne judiciary pe trust issue, par foreign dictator peh blind admiration.",sarcastic
"Local governance pe sarcasm, foreign governance pe sympathy.",sarcastic
"Apne news channel mute, international news full volume.",sarcastic
"Desh mein chaos chalega, par foreign leader ke liye candle march ready.",sarcastic
"Apni democracy ko roast karo, par doosri country ke ruler ko toast karo.",sarcastic
India mein policy confusion lagta hai inko but Iran government pe clear devotion.,sarcastic
"Ghar ke problems ""complicated"", foreign politics ""inspiring.""",sarcastic
"Apne country ke martyrs pe debate, terrorist pe devotion.",sarcastic
"Desh ke budget pe no interest, foreign conflict pe deep interest.",sarcastic
Local public pe patthar chalana hai but global terrorist peh protest karna hi inko ataa hai.,sarcastic
"Apne PM ko question karo, par foreign regime pe unquestioned support.",sarcastic
"Iran ke own citizens are celebrating the death of Khamenei, lekin Indians ko itni samajh kaha.",sarcastic
Senttiments are okay but aab Fatimah overreact kar rahi! Hahahaaha!,sarcastic
Converted ko jayada rona aa raha hai toh unhe bhi Iran bhej do.,sarcastic
Yeh log jis country me rehte hai uske hi against bolte hai bas.,sarcastic
Inlogo ko dekh ke samajh ataa hai education kitna important hai!,sarcastic
Indian muslims apni international bezzati karwa rahe.,sarcastic
Apne country me toh inki izzat nahi thi aab internationally bhi inki izzat nahi rahi!,sarcastic
Wah har saal aisa hi mahina aaye ramzan ka!,sarcastic
Inlogo ko bhi Iran bhej doh phir waha jake Khamenei ko support karenge,sarcastic
Shoot at sight inke liye zayada effective hoga!,sarcastic
56 Islamic countries toh kuch kar hi nahi rahe Iran ke liye toh India kyu kuch kare?,sarcastic
Unko lag raha aab unki funding ruk jayegi!,sarcastic
Inn bacteria ko puri tarah she khatam karo tab koi country puri tarah she safe ho sakta.,sarcastic
Kabhi army ke support mai nikle ho tumlog?!?!?,sarcastic
Israil ko location bhej doh ek missile yaha bhi girna zaruri ho gaya hai!,sarcastic
Thoda population ka hojayega basically weeds will be uprooted.,sarcastic
"Har cheez ki ek limit hoti hai, Iran ke dictator ke marne peh yaha protest karne ki kya logic!?",sarcastic
Andhbhakt sirf Hindu religion me nahi hai!,sarcastic
India mein rehkar Indian national issues ko ignore karna political inconsistency hai.,non-sarcastic
Agar aap foreign leader ke liye protest karte hai toh Indian Army ke liye bhi awaaz uthaiye.,non-sarcastic
National responsibility ka matlab apne desh ke concerns ko priority dena hota hai.,non-sarcastic
"Political expression balanced hona chahiye, selective nahi.",non-sarcastic
"Indian democracy imperfect ho sakti hai, lekin phir bhi apni hai.",non-sarcastic
Foreign politics par strong stand lene se pehle domestic issues par clarity honni chahiye.,non-sarcastic
Indian soldiers ke sacrifice ko equal public recognition milna chahiye.,non-sarcastic
Political activism sirf international headlines tak limited nahi hona chahiye.,non-sarcastic
"Agar aap global injustice pe react karte hain, toh local injustice par bhi equally vocal hona sahi rahega.",non-sarcastic
National interest ko secondary banana long-term political maturity ko weaken karta hai.,non-sarcastic
Indian citizens ko Indian institutions par pehle focus karna chahiye.,non-sarcastic
Emotional reactions ke saath political accountability bhi zaroori hai.,non-sarcastic
"Protest karna democratic right hai, lekin priorities reflect karte hain ki aap politically kahan stand karte hain.",non-sarcastic
National unity tab strong hoti hai jab internal solidarity visible ho.,non-sarcastic
Indian Army aur national security par silence political message deta hai.,non-sarcastic
"Foreign conflicts par reaction dena galat nahi hai, par domestic silence questionable hai.",non-sarcastic
Political awareness ka matlab apne country ke challenges ko samajhna bhi hota hai.,non-sarcastic
Natinal pride selective nahi hona chahiye.,non-sarcastic
India ke martyrs aur leaders ko bhi public solidarity milni chahiye.,non-sarcastic
Political expression ko consistent hona chahiye.,non-sarcastic
Apne desh ki sovereignty aur security par open discussion equally important hai.,non-sarcastic
Indian taxpayers ka duty hai ki who national matters mein interest lein.,non-sarcastic
"Agar foreign leader ke liye march possible hai, toh Indian causes ke liye bhi hona chahiye.",non-sarcastic
Political engagement ka focus domestic governance par hona chahiye.,non-sarcastic
"Indian democracy protest ka right deti hai, isliye national issues par activism expected hai.",non-sarcastic
National interest ko ideology ke upar priority milni chahiye.,non-sarcastic
Political stand tab credible hota hai jab who consistent ho.,non-sarcastic
Apne desh ke constitutional framework ko support karna civic duty hai.,non-sarcastic
"Global solidarity important hai, par national solidarity basic hai.",non-sarcastic
Foreign leaders par emotional reaction se pehle domestic accountability zaroori hai.,non-sarcastic
Indian Army ke sacrifices ko equal public respect milni chahiye.,non-sarcastic
Political maturity ka matlab priorities ka balance maintain karna hai.,non-sarcastic
India ke internal reforms par engagement zyada productive hota hai.,non-sarcastic
National discourse ko ignore karke global discourse pe focus karna imbalance create karta hai.,non-sarcastic
Apne desh ki institutions ko strengthen karna sabse pehle aata hai.,non-sarcastic
"Political loyalty clarity se reflect hoti hai, confusion se nahi.",non-sarcastic
Domestic achievements aur challenges dono par attention dena zaroori hai.,non-sarcastic
National interest par silence aur foreign interest par loud reaction inconsistency dikhata hai.,non-sarcastic
Indian citizens ko Indian issues par informed hona chahiye.,non-sarcastic
"Protest ka right valuable hai, par uska direction political message deta hai.",non-sarcastic
"Agar national security matters par public engagement kam hai, toh who concern ka topic hai.",non-sarcastic
Political debate ko foreign narratives se dominate nahi hona chahiye.,non-sarcastic
India ke democratic system ko support karna fundamental responsibility hai.,non-sarcastic
National heroes ko public respect milna chahiye.,non-sarcastic
"Foreign events par reaction natural hai, par domestic focus essential hai.",non-sarcastic
Political credibility tab build hoti hai jab national issues priority hote hain.,non-sarcastic
Apne desh ki progress par zayada focus hona chahiye sabka.,non-sarcastic
Political awareness ka start apne country se hota hai.,non-sarcastic
National solidarity kisi bhi global solidarity se pehle aati hai.,non-sarcastic
India mein rehkar India ke interests ko primary rakhna civic expectation hai.,non-sarcastic
"Pehle India ka exam result dekho, phir foreign leader ki mourning ka mehathread.",sarcastic
"Apne army pe ek line, par global Ayatollah pe 50 deep tweets? Balanced logic.",sarcastic
"Local issues ka thread mute pe, foreign funeral ka reel loop me.",sarcastic
"Own country ka pride low, international grief high- swipe right all day!",sarcastic
"Twitter pe ""united for peace"" but only when other countries fight.",sarcastic
Billy goat bhi zyada consistent hota hai apni priorities me than some humans.,sarcastic
"India pe problems debate, Iran pe full emotional essay!",sarcastic
Demostic soldiers pe respect reel? Nah - Ayatollah's portrait pe sticker release.,sarcastic
"Local hardships pe chill, foreign politics pe kill.",sarcastic
"Selfie with war hashtags, heart emoji for foreign leader.",sarcastic
India mein rehke loyalty audition foreign leaders ke liye kyun chal raha hai?,sarcastic
"Desh ke soldiers pe 2 mintue silence bhi heavy lagta hai, par Khameinei pe full march ready?",sarcastic
"National interest optional, global optics compulsory?",sarcastic
"Apne desh ke liye outrage low battery, foreign leader ke liye power bank?",sarcastic
India first sirf bio mein likha hai kya?,sarcastic
"Jab Indian Army sacrifice karti hai tab neutral, par foreign ruler pe revolutionary mode?",sarcastic
"Tax India ka bharte ho, emotions export kyun kar rahe ho?",sarcastic
"Demostic injustice pe ""wait for facts"", foreign news pe instant verdict.",sarcastic
"Apne desh ke constitutional values pe debate nahi, foreign regime pe blind passion.",sarcastic
"Indian martyrs ke naam yaad nahi, par foreign political figures ka detailed tribute?",sarcastic
National pride selective ho gaya hai kya?,sarcastic
"India ke issues pe silence, Middle East pe science.",sarcastic
Agar itna hi concern hai toh passport shift haro na.,sarcastic
"Indian elections boring, foreign geopolitics exciting?",sarcastic
"Desh ke liye accountability zero, foreign leaderske liye emotional hero.",sarcastic
"Ghar ki problems ignore, par global conflict pe roar.",sarcastic
Apne nation ke soldiers ki kahani share karne mein problem kya hai?,sarcastic
"National tragedies pe calm, foreign power politics pe storm.",sarcastic
"Indian ki progress pe skepticism, foreign rulers pe sentiment.",sarcastic
Loyalty confusion hai ya priority distortion?,sarcastic
"Indian Army border pe khadi hai, aur yahan log foreign narrative pe khade hain.",sarcastic
"Apne desh ke democratic system ko roast karo, par foreign authoritarianism pe toast?",sarcastic
"India ke constitution pe trust kam, foreign ideology pe faith zyada?",sarcastic
National unity selective nahi hoti.,sarcastic
Agar India se itni problem hai toh har foreign issue pe hyper kyun?,sarcastic
"Apne country ke development pe interest low, foreign death pe interest high.",sarcastic
"India mein injustice dikhta nahi, par foreign regime pe sympathy overflow?",sarcastic
National heroes ko ignore karna trend ban gaya hai kya?,sarcastic
"Apne desh ki sovereignty pe silence, foreign politics pe volume max.",sarcastic
Agar desh second priority hai toh phir expectations kyun first class?,sarcastic
"Indian taxpayers fund institutions, par emotions kisi aur ke liye.",sarcastic
"Army ka sacrifice background noise, foreign leader ka death breaking news?",sarcastic
National identity confused lag rahi hai.,sarcastic
"India ke future pe concern kam, foreign legacy pe concern zayada.",sarcastic
"Apne desh ke elections mein vote nahi, foreign protests mein note.",sarcastic
National loyalty Instagram filter nahi hota jo occasion pe change karo.,sarcastic
"Desh ke issues pe discussion uncomfortable, foreign issues pe comfortable.",sarcastic
Apne desh soldiers ke liye solidarity post bhi heavy lagta hai?,sarcastic
"India ka development slow lagta hai, par foreign politics fast forward.",sarcastic
Agar desh se connection hai toh priority bhi wahi honi chahiye thi na!,sarcastic
India mein rehkar India ko first priority dena basic civic duty hai.,non-sarcastic
"Jo log foreign leaders ke liye sadak par aa sakte hain, unhe Indian Army ke liye bhi utna hi intensity dikhani chahiye.",non-sarcastic
National loyalty convenience se decide nahi honi chahiye.,non-sarcastic
Indian soldiers ki sacrifice par silence sahi nahi hai.,non-sarcastic
Agar aap Indian citizen hai toh Indian interest sabse pehle hona chahiye apke liye.,non-sarcastic
National solidarity optional nahi honi chahiye.,non-sarcastic
India ki sovereignty aur security par clear stand lena zaroori hai.,non-sarcastic
Desh ke martyrs ko respect milna basic expectation hai.,non-sarcastic
"Foreign conflicts par opinion dena theek hai, par domestic silence sahi nahi hai.",non-sarcastic
Nation ko first priority milni chahiye no matter what.,non-sarcastic
India ke constitutional rights enjoy karte hue national responsibility ignore nahi ki ja sakti.,non-sarcastic
"Jo desh aapko freedom deta hai, us desh ke issues par priority honi chahiye.",non-sarcastic
Indian Army par public support visible hona chahiye.,non-sarcastic
National interest ideology se upar hona chahiye sabke liye.,non-sarcastic
"India ke leaders ko critize karna democratic right hai, par foreign authoritarianism ko glorify karna contradiction hai.",non-sarcastic
Desh ki unity sabse pehle aati hai.,non-sarcastic
National security matters par clarity aur consistency expected hai.,non-sarcastic
"Apne desh ke liye khade rehna political choice nahi, civic obligation hai.",non-sarcastic
Indian institutions ko undermine karke foreign regimes ko elevate karna wrong signal deta hai.,non-sarcastic
National discourse ko foreign narrative deominate nahi karna chahiye.,non-sarcastic
India ke challenges par engagement hi real patriotism hai.,non-sarcastic
Foreign solidarity se pehle national solidarity zaroori hai.,non-sarcastic
Desh ke jawano ke liye respect loud aur clear hona chahiye.,non-sarcastic
"India first sirf slogan nahi, principle hona chahiye.",non-sarcastic
National responsibility protest se pehle start hoti hai.,non-sarcastic
Jo India mein rehta hai uska political focus India par hona chahiye.,non-sarcastic
National pride tab dikhta hai jab domestic issues par stand clear ho.,non-sarcastic
Indian Army aur national security ke issues primary hone chahiye.,non-sarcastic
Apne desh ki democracy peh kabhi doubt nahi karna chahiye.,non-sarcastic
National loyalty ambiguity mein nahi hoti.,non-sarcastic
India ke martyrs ko equal emotional response milna chahiye.,non-sarcastic
Foreign politics par passion aur domestic apathy imbalance dikhata hai.,non-sarcastic
National interest par compromise acceptable nahi hai.,non-sarcastic
India ka future Indian citizens ki priorities se decide hota hai.,non-sarcastic
Desh ke khilaf narrative ko ignore karna bhi political statement hota hai.,non-sarcastic
Indian sovereignty ke matter par clarity mandatory hai.,non-sarcastic
Apne desh ki institutions ka respect maintain rehna chahiye.,non-sarcastic
National security par selective concern dangerous precedent set karta hai.,non-sarcastic
India mein rehkar India ko second rakhna justified nahi hai.,non-sarcastic
"Desh ke soldiers ko symbolic nahi, real public backing chahiye.",non-sarcastic
National unity ko weaken karne wale trends ko question karna zaroori hai.,non-sarcastic
India deserve to have citizens jo India ko first priority de.,non-sarcastic
Political activism ka first responsibility domestic issues hote hain.,non-sarcastic
"National pride performative nahi, consistent hona chahiye.",non-sarcastic
Indian citizens ka moral duty hai ki woh apne desh ke saath stand karein.,non-sarcastic
National interest ke against ambiguity long-term damage karta hai.,non-sarcastic
Apne desh ke institutions aur security forces ko public support milna chahiye.,non-sarcastic
India ke internal matters ko ignore karke foreign matters par hyper hona is not wise.,non-sarcastic
National character priorities se reflect hota hai.,non-sarcastic
India mein rehkar Indian government ko foreign issues ke liye internationally critisize karna is completely wrong.,non-sarcastic
National respect selective hai tumlogo ka kya?,sarcastic
"Apne country ke reforms pe anger, foreign ruler pe admiration?",sarcastic
"Indian leaders pe harsh critique, foreign Khamenei peh pe soft corner?",sarcastic
"Desh ki institutions pe doubt, foreign regime pe devotion?",sarcastic
"India ke martyrs ke liye candle nahi, foreign leader ke liye march?",sarcastic
National pride convenience ke hisaab se switch nahi hota.,sarcastic
"Apne desh ki problems solve karne mein interest zero, foreign narrative push karne mein hero.",sarcastic
"Country choro aur jao, phir waha aaram she Iran ko help karna!",sarcastic
Jo log national anthem nahi gaate hai wo dusri country ke liye roo rahe!,sarcastic
Pehle national anthem gao phir expect karo ki India tumlogo ke liye kuch kare!,sarcastic
National sacrifices ko ignore karke global grief perform karna hypocrisy lagta hai.,sarcastic
Apne desh ke soldiers ko disrespect karke abhi roo rahe hai!,sarcastic
"India ke issues pe activism missing, foreign controversies pe presence guaranteed.",sarcastic
National identity conusion pe political drama hi create hota hai.,sarcastic
Agar desh second hai toh privileges bhi Iran she jake mango na!,sarcastic
Jao yaar tumlog Iran me hi raho na!,sarcastic
Inko abhi tak India seh bhaga kyu nahi gaya hai ye mujhe samajh nahi aata!,sarcastic
India ke inki koi zarurat nahi inhe Iran ki help karne ke liye bhej doh!,sarcastic
Terrorist ki death pe rona ata hai inko but soldiers ki death peh celebrate karte hai!,sarcastic
"They don't deserve to be in India, bhagao inko!",sarcastic
"Anti-national logo ko hamne kabse paal rakha hai, its our mistake only!",sarcastic
"India ke demcratic rights enjoy karo, par sympathy distatorship ke liye?",sarcastic
"Apne nation ke achievements pe pride nahi, foreign conflict pe side choose karna itna easy.",sarcastic
National responsibility sirf slogans se nahi hoti.,sarcastic
"Apne desh ko criticize karna theek hai, par ignore karna nahi.",sarcastic
India mein rehke India ko ignore karna political contradiction hai.,sarcastic
India mein rehkar India ko gali dene ka kaam bas yahi log kar sakte hai!,sarcastic
"Inse zyada hypocracy koi nahi dikha sakta, Pahalgam attack ke time ye log chup the ekdam.",sarcastic
Agar protest karna itne aache she aata hai toh Pahalgam attack ke time karna chahiye tha na!,sarcastic
Inn logo ka kaam sirf country ko disturb karne ka hai.,sarcastic
Inka kaam hai jis tree peh baithte hai usi tree ki branches ko kaat dete hai.,sarcastic
"Desh ke soldiers shaheed hote hain, aur tum foreign ruler pe emotional ho - priorities check karo.",sarcastic
"Agar Indian Army ke liye awaaz nahi uthti, toh foreign politics outrage fake lagta hai.",sarcastic
National issues pe silence reh ke humse help expect karna ek stupidity hai..,sarcastic
Country ki normal working ko disturb karne ke alawa aur kya ata hai inko!,sarcastic
"Indian democracy ko daily critize karte ho, par Iran ke dictator pe sympathy?Seriously?!?",sarcastic
Apne desh ke protectors ko ignore karke iss bekaar dictator ko glorify karne walon ko traitor ghoshit kar dena chahiye!,sarcastic
Indian Kashmiri muslim women ne prove kar diya ki ek aurat hi aurat ki dushman hoti hai.,sarcastic
"Pahalgam aur Pulwama attack ke liye bhi inn logo ko moruning karni chahiye thi na, this kind of proves ki terrorist kis religion ke hote hai!",sarcastic
Indian Army Boarder peh hame protect karti hai aur yaha log terrorists ke liye roo rahe hai!,sarcastic
Apka national pride itna selective kaise ho jata hai!?!?,sarcastic
Inn logo ke liye 57 countries hai inko India main rehni ki koi zarurat nahi!,sarcastic
Acha hota agar India secular nahi hota toh!,sarcastic
"inn logo ki loyalty har din question ho jati hai, but we are so stupid that we still cater to them!",sarcastic
"India ke constitutions ke right enjoy kar rahe issliye itna uchal rahe, jab dictatorship mein rehte tab samajh ataa!",sarcastic
"Agar Iran ka dictator itna hi important tha toh jao Iran jake mourning karo, yaha Indians ko mat disturb karo!",sarcastic
India inn logo ko kab country ke nikalega? They are urgently required in Iran!,sarcastic
Get lost bolke rafa dafa karo bhai inn logo ko India she!,sarcastic
National responsibility sirf cricket match tak limited nahi hoti.,sarcastic
Pata nahi kab tak chalega inka drama!,sarcastic
"Kisi foreign leader ki death par react karna anti-India nahi hota, duniya interconnected hai.",non-sarcastic
"Log global politics follow karte hain, isliye reaction dena natural hai.",non-sarcastic
Human solidarity borders se limited nahi hoti.,non-sarcastic
Agar kisi ko Middle East polotics important lagti hai toh us par opinion rakhna unka right hai.,non-sarcastic
Kisi event par protest ya mourning karna automatically desh droh nahi ban jata.,non-sarcastic
"India ek democracy hai, yahan log apne views freely express kar sakte hain.",non-sarcastic
Global issues par par reaction dena modern political awareness ka part hai.,non-sarcastic
"Agar log kisi foreign issue par emotional ho rahe hain, iska matlab yeh nahi ki who India ko ignore kar rahe hain.",non-sarcastic
Political empathy sirf national borders tak limmited nahi honi chahiye.,non-sarcastic
"Social media par log duniya bhar ke issues discuss karte hain, ye normal hai.",non-sarcastic
Foreign politics par interest rakhna anti-national activity nahi hai.,non-sarcastic
Kisi leader ke liye sympathy dikhana personal political opinion hota hai.,non-sarcastic
Democracy ka matlab hi yeh hai ki log alag-alag opinions rakh sakte hain.,non-sarcastic
Agar log international conflicts par react karte hain toh usko automatically nationalism se compare nahi karna chahiye,non-sarcastic
Global awareness hona ek educated society ki sign hai.,non-sarcastic
Political emotions sirf domestic politics tak limited nahi hote.,non-sarcastic
"Log international leaders ko bhi follow karte hain, isliye reactions aana natural hai.",non-sarcastic
Freedom of expression ka matlab hai ki log kisi bhi issue par opinion rakh sakte hain.,non-sarcastic
Kisi global issue par protest karna democracy ka part hai.,non-sarcastic
"Political solidarity kabhi-kabhi ideology based bhi hoti hai, sirf nationality based nahi.",non-sarcastic
"India mein log Palestine, Ukraine, Iran jaise issues par bhi opinion rakhte hain, yeh normal political discussion hai.",non-sarcastic
Kisi foreign leader par reaction dena Indian identity ko cancel nahi karta.,non-sarcastic
Political discourse ko sirf nationalism ke lens se dekhna sahi nahi hai.,non-sarcastic
Log alag-alag global movements se emotionally connect ho sakte hain.,non-sarcastic
Social media par international politics discuss karna common trend hai.,non-sarcastic
Agar kisi ko global injustice lagta hai toh woh us par react karega.,non-sarcastic
Political empathy nationality se restrict nahi hoti.,non-sarcastic
Globalization ke time mein political awareness bhi global ho gayi hai.,non-sarcastic
Kisi foreign event par protest karna Indian constitution ke rights ke under aata hai.,non-sarcastic
International solidarity movements history mein bhi hote aaye hain.,non-sarcastic
Political opinions ko sirf loyalty test ke roop mein judge nahi karna chahiye.,non-sarcastic
Har political reacttion ko nationalism ke against frame karna unnecessary polarization create karta hai.,non-sarcastic
India ka democratic framework logon ko diverse opinions rakhne ki freedom deta hai.,non-sarcastic
Global political discussions mein Indian citizens ka participate karna normal hai.,non-sarcastic
Kisi leader ki death par sympathy dikhana ek emotional reaction bhi ho sakta hai.,non-sarcastic
Political debate healthy tab hoti hai jab different perspective exist karein.,non-sarcastic
Nationalism aur global empathy ek saath exist kar sakte hain.,non-sarcastic
Social media par global conversations ka part banna aaj ke generation ka norm hai.,non-sarcastic
Political identity sirf nationality se define nahi hoti.,non-sarcastic
Agar log international politics par opinion rakhte hain toh usko criminalize nahi karna chahiye.,non-sarcastic
Public discussion ka purpose hi diverse views ko express karna hota hai.,non-sarcastic
"Global conflicts ka impact worldwide hota hai, isliye log react karte hain.",non-sarcastic
Freedom of speech ka essance hi yeh hai ki uncomfortable opinions bhi exist karein.,non-sarcastic
Kisi issue par mourning ya protest karna ek civil expression hai.,non-sarcastic
Political awareness ka scope aaj national borders se bahar tak hai.,non-sarcastic
Global solidarity movements historically bhi important role play karte rahe hain.,non-sarcastic
Politically empathy ko narrow nationalism tak limit nahi karna chahiye.,non-sarcastic
Democratic socities mein different ideological reactions normal hote hain.,non-sarcastic
Public discourse tab mature hota hai jab multiple viewpoints exist karein.,non-sarcastic
India ki democracy ki strength hi yeh hai ki log openly apni political feelings express kar sakte hain.,non-sarcastic
"Wah Nitish ji, Bihar ko half-done chhod ke Delhi shift…kya ""responsibility"" hai leadership ki.",sarcastic
Bihar ke problems solve ho gaye kya jo CM sahab ab Rajya Sabha vacation pe ja rahe hain?,sarcastic
"Nitish ji ka political rule simple hai: jab pressure badhe, kursi change kar lo.",sarcastic
"Bihar ko development nahi mila, par Nitish ji ko nayi kursi zarur mil gayi!",sarcastic
Voters ne CM banaya tha ya Delhi MP banane ke liye vote diya tha?,sarcastic
Jab governance mushkil ho jaye toh Rajya sabha safe exit mil hi jata hai.,sarcastic
Bihar ka future uncertain hai par Nitish ji ka career hamesha secure hi rehta hai!,sarcastic
Political accountability ka best example: state chhodo aur Delhi join karo.,sarcastic
Wah leadership! State ko struggle mein chhod ke national politics enjoy karo.,sarcastic
"Bihar ka development toh slow hai, par political escapse plan fast hai.",sarcastic
Nitish ji ko pata hai kab kursi chhodni hai aur kab nayi kursi pakadni hai.,sarcastic
"Bihar ke log struggle karte rahe, leader Delhi mein strategy banayenge.",sarcastic
Yeh governance hai ya political survival game?,sarcastic
Bihar ke voters ko phir se surprise mil gaya.,sarcastic
Jab kaam tough ho jaye toh Rajya Sabha ka gate open ho jata hai.,sarcastic
"Nitish ji ka political  skill: power kabhi lose mat karo, bas location change karo.",sarcastic
Bihar ka CM office shayad internship position ban gaya hai.,sarcastic
Bihar ko politics mein accountibility zero aur drama full!,sarcastic
"Nitish ji ka career secure hai, chahe Bihar ka future kaisa bhi ho!",sarcastic
Political gymnastics ka gold medal Nitish ji ko hi milna chahiye.,sarcastic
"Bihar ko stable leadership chahiye thi, par yahan political chess chal raha hai.",sarcastic
"Nitish ji ka exit bhi power game lag raha hai, sacrifice nahi.",sarcastic
"Bihar ke log development ke liye vote dete hain, leaders seat upgrade ke liye.",sarcastic
"Rajya Sabha move ko strategy bolna easy hai, responsibility bolna mushkil.",sarcastic
Bihar ki problems ka solution: leader Delhi shift ho jao.,sarcastic
Wah governance model - state chhodo aur national politics join karo.,sarcastic
"Nitish ji ka political career flexible hai, ideology bhi flexible.",sarcastic
"Bihar ko stability chahiye, par leadership ko mobility seh fursat kaha!",sarcastic
Political experience itna hai ki kursi kab change karni hai perfectly pata hai.,sarcastic
"Bihar politics ka permanent hero, bas role change hota rehta hai.",sarcastic
Voters ko sirf election time yaad kiya jata hai.,sarcastic
Bihar ka development agenda shayad Rajya Sabha se hi complete hoga.,sarcastic
"Nitish ji ka exit ""strategic"" bolke justify kaar diya jayega.",sarcastic
Bihar ke youth jobs dhund rahe hain aur leaders political upgrades.,sarcastic
Accountability ka matlab yahan bas press conference hai.,sarcastic
Bihar politics mein responsibility se zyada positioning important hai.,sarcastic
Nitish ji ka next comeback bhi shayad plan mein hoga.,sarcastic
"Bihar ko roadmap nahi, political experiment mil raha hai.",sarcastic
Political loyalty aur ideology dono optional lagte hain.,sarcastic
Bihar voters ka patience level unbelievable hai.,sarcastic
Leader change hota hai par state ki problems wahi rehti hain.,sarcastic
Rajya Sabha move ko sacrifice bolna bhi comedy hi hai.,sarcastic
Political survival ka masterclass chal raha hai Bihar mein.,sarcastic
Nitish ji ka career marathon hai aur Bihar public sirf aur sirf ek spectator.,sarcastic
Bihar politics mein twist kabhi khatam nahi hote.,sarcastic
"Development ke naam par promises, aur power ke naam par strategy.",sarcastic
Political responsibility ka matlab shayad kursi change karna hai.,sarcastic
Bihar ka CM office temporary lag raha hai.,sarcastic
"Voters ko stability nahi, surprise milta hai.",sarcastic
Bihar politics ka biggest constant: power kabhi chhodni nahi hai.,sarcastic
Agar Nitish Kumar CM ka post chhod kar Rajya Sabha jaate hain toh Bihar ki politics completely change ho sakti hai.,non-sarcastic
"Bihar ko ab stable leadership ki zarurat hai, baar-baar political shift state ke development ko slow karta hai.",non-sarcastic
"Nitish Kumar ka decision political strategy ho sakta hai, lekin Bihar ke voters clarity deserve karte hain.",non-sarcastic
"Bihar mein leadership transition transparent hona chahiye, warna political uncertainity badhegi.",non-sarcastic
Itne saalon tak CM rehne ke baad Nitish Kumar ka Delhi politics mein jana natural political step lagta hai.,non-sarcastic
Bihar ke liye ab sabse important question hai ki next CM kaun hoga aur uska vision kya hoga.,non-sarcastic
State politics mein leadership change se governance priorities bhi change ho sakti hain.,non-sarcastic
"Bihar ke youth ko jobs aur development chahiye, political instability nahi.",non-sarcastic
Nitish Kumar ka experience national level par policy discussions mein useful ho sakta hai.,non-sarcastic
Bihar politics mein alliance dynamics ab aur important ho jayenge.,non-sarcastic
Agar BJP ko CM post milti hai toh state ka political equation change ho sakta hai.,non-sarcastic
"Bihar ko long-term development planning chahiye, sirf political reshuffle nahi.",non-sarcastic
Nitish Kumar ka tenure Bihar politics ka ek important era raha hai.,non-sarcastic
State ke voters ko ab clear roadmap chahiye future governance ka.,non-sarcastic
Bihar mein infrastructure aur employment par focus ab aur strong hona chahiye.,non-sarcastic
Political transition ko responsibility handle karna government ki duty hai.,non-sarcastic
Nitish Kumar ka decision NDA alliance strategy ka part bhi ho sakta hai.,non-sarcastic
Bihar voters ko stable aur accountable leadership chahiye.,non-sarcastic
Rajya Sabha move se Nitish Kumar ka role national politics mein increase ho sakta hai.,non-sarcastic
Bihar ke development issues ko nest government ko seriously address karna hoga.,non-sarcastic
Political leadership ka focus public welfare par hona chahiye.,non-sarcastic
Bihar mein governance continuity meintain karna important hai.,non-sarcastic
State politics mein coalition coordination ab crucial hoga.,non-sarcastic
Nitish Kumar ka political experience alliance management mein strong raha hai.,non-sarcastic
Bihar ko policy stability ki zarurat hai investors attract karne ke liye.,non-sarcastic
Leadership change democratic process ka normal part hai.,non-sarcastic
Bihar ke voters development oriented politics expect karte hain.,non-sarcastic
Political decisions ka direct impact state governance par padta hai.,non-sarcastic
Nitish Kumar ka long political career Bihar politics ko shape karta raha hai.,non-sarcastic
Bihar ke liye ab next phase of leadership important hoga.,non-sarcastic
Governance mein accountability aur transparency dono zaroori hain.,non-sarcastic
Political transition se administrative reforms ka chance mil sakta hai.,non-sarcastic
Bihar ko education aur healthcare sector mein strong policies chahiye.,non-sarcastic
Rajya Sabha entry se Nitish Kumar national debates mein active ho sakte hain.,non-sarcastic
Bihar politics mein future leadership race interesting hogi.,non-sarcastic
State aur center coordination Bihar ke development ke liye important hai.,non-sarcastic
Bihar ke youth ko political stability se hi opportunities milengi.,non-sarcastic
Political leadership ko long-term vision par kaam karna chahiye.,non-sarcastic
Bihar mein infrastructure development ko accelerate karna hoga.,non-sarcastic
Nitish Kumar ka governance approach refresh ho sakta hai.,non-sarcastic
Bihar voters ko clear communication milna chahiye government decisions par.,non-sarcastic
State politics mein responsible leadership bahut important hoti hai.,non-sarcastic
Bihar ko economic growth aur job creation par focus karna chahiye.,non-sarcastic
Political reshuffle se administrative effeciency improve ho sakti hai.,non-sarcastic
Leadership change ke baad public expectations aur badh jati hain.,non-sarcastic
Bihar ka political landscape continuously evolve ho raha hai.,non-sarcastic
Nitish Kumar ka experience national policy making mein useful ho sakta hai.,non-sarcastic
Bihar ke development agenda ko continue rehna chahiye.,non-sarcastic
Ab dekhna hoga Bihar ka next CM state ko kis direction mein le jata hai.,non-sarcastic
Bihar ko stability attain karne mai time lage abhi thoda.,non-sarcastic
Bas ek hashtag se Nepal ki corruption khatam ho jayegi kya?,sarcastic
Ab government Instagram comments padh ke resign karegi kya?,sarcastic
Protest bhi aab reel bana bana ke hone laga hai.,sarcastic
Trending topic ban gaya toh political reform automatic aa jayega kya?,sarcastic
Hashtag activism se constitution rewrite ho jata hai kya?,sarcastic
"Protest kam lag raha hai, social media content shoot zyada lag raha hai.",sarcastic
Nepal ki politics ka solution mil gaya: trending hashtag.,sarcastic
Ab bas ek viral tweet aur Nepal ka constitution rewrite ho jayega.,sarcastic
"Kal tak meme page chala rahe the, aaj political revolution lead kar rahe hain.",sarcastic
Governmen toh shock mein hogi ki GenZ ne sadak par aake selfie bhi le li.,sarcastic
Revolution bhi ab weekend activity ban gaya hai kya?,sarcastic
Ek viral reel se political system collapse ho jayega kya?,sarcastic
Protest kam fashion show zyada lag raha.,sarcastic
Political movement bhi aesthetic chahiye aab GenZ ko!,sarcastic
Social media engagement se corruption solve ho jata hai kya?,sarcastic
"Political movement bhi aesthetic hona chahiye, warna views kaise aayenge.",sarcastic
Wah activism! Protest bhi aur influencer content bhi ek saath.,sarcastic
"GenZ ko lagta hai corruption ""delete"" button se remove ho jayega.",sarcastic
Nepal ki government ko sabse zyada darr hashtags se lagne laga hoga aab toh!,sarcastic
Ek Nepal treatment India me bhi chahiye ab!,sarcastic
"Aaj protest, kal vlog: ""How we almost changed the country.""",sarcastic
Nepal ka future ab comment section decide karega lagta hai!,sarcastic
aab toh governement ko sabse bada threat ring light she hai!,sarcastic
Lagta hai Nepal main Political reform bhi instagram poll se decide hoga ab!,sarcastic
Protest sirf ek content creation opportunity ban ke reh gaya hai!,sarcastic
"Protest ke baad caption bhi ready ho gaya hai: ""We tried to save democracy.""",sarcastic
"Nepal ki corruption bol rahi hogi ""oh no, GenZ aa gaye!""",sarcastic
"Ab bas YouTube thumbnail bacha hai: ""We shook the government.""",sarcastic
Political system ko sabse zyada danger ring light se hai.,sarcastic
Protest ka main agenda lag raha hai viral hona hi hai.,sarcastic
Political revolution bhi influencer collaboration jaisa ho gaya hai aab toh!,sarcastic
Protest karte waqt perfect camera angle bhi zaruri hi hoga GenZ ke liye!,sarcastic
Lagta hai aab sirf hamara mental health hi nahi but political change bhi algorithm hi decide karega.,sarcastic
Nepal ka revolution bhi aesthetic filter ke saath aa raha hai.,sarcastic
"Protest kam, documentry shoot zyada lag raha hai!",sarcastic
Democracy bachane nikle hai lekin vlog banane se fursat mile tab na…,sarcastic
Lagta hai corruption ko bhi aab influencer apology deni padegi.,sarcastic
Political struggle bhi content calender mein fit ho gaya.,sarcastic
Activism ka next step sponsored post hai kya?,sarcastic
Protest main participation se zyada viral clips important lagne laga hai!,sarcastic
Nepal ki politics ab algorithm friendly ho gayi hai.,sarcastic
Revolution ka next step: sponsored post.,sarcastic
Protest bhi trending audio ke saath ho raha hai.,sarcastic
Political change bhi engagement rate par depend karega abse lagta hai.,sarcastic
"Government ko ab policy nahi, PR strategy banana padega.",sarcastic
Ab government bhi shayad reels bana ke reply karegi!,sarcastic
Protest ka highlight reel already edit hoke ready even if koi solution nahi aaya ho!,sarcastic
Political revolution bhi Instagram aesthetic follow kar raha hai.,sarcastic
Nepal ki politics ka future: hashtags aur comments.,sarcastic
Bas ek aur viral reel aur system collapse pakka!,sarcastic
Nepal ke GenZ youth ka protest political accountability ki demand show karta hai.,non-sarcastic
Youth generation ka political participation democracy ke liye healthy sign hai.,non-sarcastic
Youth frustration clearly dikh raha hai governance system se.,non-sarcastic
Corruption aur political instability ke khilaf protest hona natural hai.,non-sarcastic
"GenZ political reforms chahte hain, isliye sadak par aaye hain.",non-sarcastic
Nepal ke youth ko system change karne ka haq hai.,non-sarcastic
Youth movements historically political change laate rahe hain.,non-sarcastic
GenZ ki energy agar positive direction mein use ho toh reform possible hai.,non-sarcastic
Political leadership ko youth ki concrns sunni chahiye.,non-sarcastic
Nepal mein youth activism democracy ka important part hai.,non-sarcastic
Youth ko governance mein participation milna chahiye.,non-sarcastic
Protest democratic expression ka legitimate form hai.,non-sarcastic
Political accountability demand karna citizens ka right hai.,non-sarcastic
Nepal ka youth future governance ko shape kar sakta hai.,non-sarcastic
Young generation corruption ke khilaf strong stand le rahi hai.,non-sarcastic
Youth movements se policy change ka pressure crate hota hai.,non-sarcastic
Political reforms ke liye public pressue zaruri hota hai.,non-sarcastic
GenZ political awareness ka sign hai yeh protest.,non-sarcastic
Nepal ke youth system transparency demand kar rahe hain.,non-sarcastic
Political change ke liye youth participation essential hai.,non-sarcastic
Democratic socities mein protest normal part hota hai.,non-sarcastic
Young people governance accountability chahte hain.,non-sarcastic
Youth activism political reform ka catalyst ban sakta hai.,non-sarcastic
Nepal ki political leadership ko youth voice ignore nahi karni chahiye.,non-sarcastic
Young generation ka frustration systemic issues se related hai.,non-sarcastic
Youth participation se democracy stronger hoti hai.,non-sarcastic
Political awareness young generation mein increase ho raha hai.,non-sarcastic
Governance reform ke liye public movement important hota hai.,non-sarcastic
Youth ka involvement long-term political change la sakta hai.,non-sarcastic
Political transparency ke liye public pressure zaruri hai.,non-sarcastic
Nepal ke youth apna future secure karna chahte hain.,non-sarcastic
Democratic protests political dialogue start karte hain.,non-sarcastic
Youth movements historically transformation laate hain.,non-sarcastic
Political accountability demand karna responsible citizenship hai.,non-sarcastic
GenZ apni voice political system tak pahucha rahe hain.,non-sarcastic
Youth frustration ko address karna government ki responsibility hai.,non-sarcastic
Political reforms ke liye constructive dialogue zaruri hai.,non-sarcastic
Nepal youth apni generation ke issues highlight kar rahe hain.,non-sarcastic
Indian youth ko bhi Nepal ke youth she inspire hona chahiye.,non-sarcastic
Political protest democratic right hai.,non-sarcastic
Young generation governance transparency demand kar rahi hai.,non-sarcastic
Youth participation governance ko more inclusive bana sakta hai.,non-sarcastic
Government ko peaceful protest ka respect karna chahiye.,non-sarcastic
Youth engagement democracy ko strengthen karta hai.,non-sarcastic
Political system ko youth expectations ke according evolve hona chahiye.,non-sarcastic
Public participation governance improve karta hai.,non-sarcastic
Youth voice ignore karna long-term instability create kar sakta hai.,non-sarcastic
Political dialogue youth movements se start hota hai.,non-sarcastic
Nepal ke youth future politics ko shape kar sakte hain.,non-sarcastic
Democratic reform ke liye youth participation important hai.,non-sarcastic
"Wah kya logic hai, Nobel Prize milna chahiye is thinking ko.",sarcastic
"Haan haan, bilkul perfect idea hai….aur kuch galat ho hi nahi sakta.",sarcastic
Genius level ka decision hai boss..,sarcastic
"Kya baat hai, aap toh Einstein ke chacha nikle.",sarcastic
"Wah, aaj toh duniya ka sabse intelligent comment dekh liya!",sarcastic
Aapki sooch toh future change kar degi..,sarcastic
Amazing! Itna brilliant logic maine pehli baar suna hai.,sarcastic
"Haan bas aap hi sahi ho, baaki sab galat hain.",sarcastic
"Wah kya analysis hai, Harvard bhi fail ho gaya.",sarcastic
Internet par aaj sabse intelligent insaan mil gaya.,sarcastic
Bas aapko hi sab pata hai obviously.,sarcastic
Aapki thinking se toh duniya ka problem solve ho jayega.,sarcastic
"Kya baat hai, pure experts bhi aapse advice lete honge.",sarcastic
"Bilkul logical hai, koi doubt hi nahi bhai!",sarcastic
Aapka comment padh ke toh meri aankhein khul gayi.,sarcastic
Wah kya research ki hai aapne.,sarcastic
Aapki intelligence dangerous level par hai.,sarcastic
Bas aapko hi sab pata hai rehta hai ismai koi shaq nahi..,sarcastic
"kya baat hai, world class analysis.",sarcastic
Wah kya discovery ki hai.,sarcastic
Aap jaise experts se hi duniya chal rahi hai..,sarcastic
Ye logic school books mein add karna chahiye.,sarcastic
"Kya observation hai, NASA ko inform karna chahiye.",sarcastic
Aapko toh professor hona chahiye.,sarcastic
Aapka IQ toh universe level ka hai.,sarcastic
"Wah kya leadership hai, clap clap.",sarcastic
Perfect planning….disaster guaranteed.,sarcastic
Great job! Exactly isi ki zarurat thi.,sarcastic
"Wah kya management hai, sab control mein hai obviously.",sarcastic
Aisi planning se toh future secure hai.,sarcastic
"Brilliant strategy, fail hone ka full chance.",sarcastic
"Wah kya governance hai, sab smooth chal raha hai.",sarcastic
"Kya baat hai, chaos ko bhi achievement bana diya.",sarcastic
"Perfect timing hai, situation aur kharab karne ke liye.",sarcastic
Aapki planning dekh ke confidence aa gaya….ki kuch nahi hoga.,sarcastic
Wah kya solution hai problem ka.,sarcastic
Aisi smart thinking kam hi dekhne ko milti hai.,sarcastic
Bilkul sahi approach hai…agar goal failure ho toh.,sarcastic
Wah kya coordination hai.,sarcastic
"Kya baat hai, management skills top class hain.",sarcastic
Aap logon ne toh kamaal kar diya.,sarcastic
Perfect decision making.,sarcastic
Wah kya progress hai.,sarcastic
Aise hi chalta raha toh sab khatam ho jayega! Amazing!,sarcastic
Aapki planning legendary hai.,sarcastic
Great work team…bas result ulta aaya.,sarcastic
Wah kya performance hai.,sarcastic
Strategy dekh ke hi pata chal raha hai future bright hai..,sarcastic
Amazing governance skills.,sarcastic
Wah kya execution hai.,sarcastic
"Bilkul sahi baat hai, iss issue par discussion hona chahiye.",non-sarcastic
Main iss point she completely agree  karti hoon.,non-sarcastic
Yeh decision kaafi sensible lag raha hai.,non-sarcastic
Log unnecessarily overreact kar rahe hain.,non-sarcastic
Mujhe lagta hai Government ka intention positive hai.,non-sarcastic
Yeh step long term mein beneficial ho sakta hai.,non-sarcastic
Iss topic par balanced thinking zaroori hai.,non-sarcastic
Sabko apni opinion rakhne ka right hai.,non-sarcastic
Yeh perspective kaafi logical lagta hai.,non-sarcastic
Public discourse mein maturity honi chahiye.,non-sarcastic
Mujhe lagta hai yeh decision thoda jaldi mein liya gaya hai.,non-sarcastic
Authorities ko iss matter ko aur carefully handle karna chahiye tha.,non-sarcastic
Communication clearly better ho sakti thi.,non-sarcastic
Policy ka implementation weak lag raha hai.,non-sarcastic
Public ko proper explanation milni chahiye.,non-sarcastic
Agar planning better hoti toh situation alag hoti.,non-sarcastic
Transparency hona bahut important hai.,non-sarcastic
Accountability sabke liye same honi chahiye.,non-sarcastic
Is issue par clarity abhi bhi missing hai.,non-sarcastic
Authorities ko ground reality samajhni chahiye.,non-sarcastic
Social media par is topic par kaafi debate chal rahi hai.,non-sarcastic
Logon ke opinions kaafi divided lag rahe hain.,non-sarcastic
Yeh issue kaafi complex hai.,non-sarcastic
Har side ka perspective samajhna zaroori hai.,non-sarcastic
Is topic ko oversimplify nahi karna chahiye.,non-sarcastic
Online discussion kaafi intense ho gaya hai.,non-sarcastic
Public reaction expected tha.,non-sarcastic
News aate hi debate start ho gayi.,non-sarcastic
Media coverage bhi kaafi high hai.,non-sarcastic
Yeh topic ab normal discussion ban chuka hai.,non-sarcastic
Mujhe lagta hai iska impact long term mein dikhega.,non-sarcastic
Log genuinely wooried lag rahe hain.,non-sarcastic
Yeh situation concern create karti hai.,non-sarcastic
Agar time par action nahi hua toh problem badh sakti hai.,non-sarcastic
Authorities ko responsible response dena chahiye.,non-sarcastic
Public trust maintain karna important hai.,non-sarcastic
Situation ko calmly handle karne chahiye.,non-sarcastic
Har citizen ko informed rehna chahiye.,non-sarcastic
Awareness increase karna zaroori hai.,non-sarcastic
Responsible dialogue hona chahiye.,non-sarcastic
Government ka viewpoint bhi consider karna chahiye.,non-sarcastic
Opposition ka concern bhi ignore nahi kar sakte.,non-sarcastic
Demmocracy mein debate normal hoti hai.,non-sarcastic
Healthy criticism democracy ka part hai.,non-sarcastic
Constructive criticism zaroori hai.,non-sarcastic
Blind support ya blind opposition dono sahi nahi hai.,non-sarcastic
Policies ko results ke basis par judge karna chahiye.,non-sarcastic
Political discourse respectful hona chahiye.,non-sarcastic
Sabko facts dekhkar opinion banana chahiye.,non-sarcastic
Debate informative honi chahiye.,non-sarcastic
Haan bas ek tweet aur sab problem solve ho jayega.,sarcastic
"Haan haan, duniya itni simple hi hai.",sarcastic
Bas ek idea aur sab perfect ho jayega.,sarcastic
"Haan bilkul, life itni easy hi hoti hai.",sarcastic
Bas aapko suggestion aur sab change ho jayega.,sarcastic
"Haan haan, system itna simple hota toh kya baat thi.",sarcastic
Bas ek post aur revolution aa jayega.,sarcastic
"Haan obviously, sab log galat aur aap sahi.",sarcastic
Bas ek comment aur duniya sudhar jayegi.,sarcastic
"Haan haan, theory toh perfect hai.",sarcastic
Bas aap hi solution ho duniya ke problems ka.,sarcastic
Haan bilkul practical hai ye idea.,sarcastic
Bas ek hashtag aur system theek.,sarcastic
"Haan haan, real life mein bhi aisa hi hota hai.",sarcastic
Bas aapka plan follow karte hi success.,sarcastic
Haan bilkul realistic solution hai.,sarcastic
Bas ek reel aur awareness aa jayegi.,sarcastic
"Haan haan, sab log wait kar rahe the aapke suggestion ka.",sarcastic
Bas ek speech aur sab change.,sarcastic
Haan bilkul easy hai ye sab.,sarcastic
Bas ek video aur problem khatam.,sarcastic
"Haan haan, duniya isi tarah toh work karti hai.",sarcastic
"Yes obviously, bas aap bolo doh aur ho jayega.",sarcastic
"Haan haan, itna simple hi hai sab.",sarcastic
Bas ek genius idea aur sab fix.,sarcastic
Wah kya confidence hai bina knowlegde ke.,sarcastic
Itna overconfidence bhi healthy nahi hota.,sarcastic
"Knowledge zero, attitude hundred.",sarcastic
Wah kya expertise hai WhatsApp University ki!,sarcastic
Lagta hai research YouTube comments se ki hai.,sarcastic
Wah kya facts hain imagination ke.,sarcastic
Aapki information ka source kaafi creative hai.,sarcastic
Research ka level dekh ke shock lag gaya.,sarcastic
Wah kya fake confidence hai.,sarcastic
Knowledge kam aur confidence zyada dangerous combo hai.,sarcastic
Wah kya deep analysis hai.,sarcastic
Haan apka information galat kaise ho sakta!,sarcastic
Lagta hai Google bhi confuse ho gaya hoga.,sarcastic
Wah kya fact checking hai.,sarcastic
Itna confidence kaise aata hai bina data ke.,sarcastic
Wah kya expertise hai.,sarcastic
Knowledge ka overdose ho gaya lagta hai.,sarcastic
Research dekh ke scientists shock ho jayenge.,sarcastic
Wah kya intellectual comment hai.,sarcastic
Aapki theory unique hai.,sarcastic
Knowledge ka level impressive hai…ulte direction mein.,sarcastic
Wah kya information hai.,sarcastic
Aapka logic alag dimension mein chal raha hai.,sarcastic
Itna strong opinion bina knowledge ke rare hota hai.,sarcastic
Wah kya fact based argument hai.,sarcastic
Emotion se zyada facts important hai.,non-sarcastic
Logical discussion hona chahiye.,non-sarcastic
Evidence ke bina conclusion nahi nikalna chahiye.,non-sarcastic
Proper investigation ke baad hi judgement hona chahiye.,non-sarcastic
Data ke basis par policy evalutate karni chahiye.,non-sarcastic
Discussion constructive hona chahiye.,non-sarcastic
Har angle se situation dekhni chahiye.,non-sarcastic
Social media rumors se bachna chahiye.,non-sarcastic
Reliable sources follow karna important hai.,non-sarcastic
Information verify karna zaroori hai.,non-sarcastic
Logon ko unnecessarily panic nahi karna chahiye.,non-sarcastic
Situation ko peacefully handle karna chahiye.,non-sarcastic
Violence kabhi solution nahi hota.,non-sarcastic
Law aur order maintain rehna chahiye.,non-sarcastic
Responsible behavious sabse important hai.,non-sarcastic
Online arguemnts ko personal nahi lena chahiye.,non-sarcastic
Civil discussion hona chahiye.,non-sarcastic
Respectful tone maintain karna chahiye.,non-sarcastic
Public dialogue healthy hona chahiye.,non-sarcastic
Har opinion ko respect milna chahiye.,non-sarcastic
As a citizen mujhe transparency chahiye.,non-sarcastic
Public ko timely information milni chahiye.,non-sarcastic
Leaders ko responsible behavious dikhana chahiye.,non-sarcastic
Governance mein accountability important hai.,non-sarcastic
System ko improve karne ki zarurat hai.,non-sarcastic
Policy implementation strong hona chahiye.,non-sarcastic
Decision making transparent honi chahiye.,non-sarcastic
Public participation important hai.,non-sarcastic
Democracy tab strong hoti hai jab citizens aware ho.,non-sarcastic
Awareness hi biggest power hai.,non-sarcastic
Social media kabhi kabhi situation ko exaggerate kar deta hai.,non-sarcastic
Online narratives quickly change ho jate hain.,non-sarcastic
Digital discussions ka influence kaafi bada hai.,non-sarcastic
Viral content hamesha accurate nahi hota.,non-sarcastic
Responsible posting zaroori hai.,non-sarcastic
Fake news se bachna important hai.,non-sarcastic
Verification important hai before sharing.,non-sarcastic
Sensationalism avoid karna chahiye.,non-sarcastic
Internet discussions kabhi constructive bhi hote hain.,non-sarcastic
Public opinion kaafi fast change hota hai.,non-sarcastic
Government aur public dono ko dialogue maintain karna chahiye.,non-sarcastic
Experts ko discussion mein include karna chahiye.,non-sarcastic
Policy review helpful ho sakta hai.,non-sarcastic
Long term planning zaroori hai.,non-sarcastic
Public awareness campaigns useful ho sakte hain.,non-sarcastic
Transparent communication helpful hoti hai.,non-sarcastic
Leadership ko proactive hona chahiye.,non-sarcastic
Stakeholders ka input lena chahiye.,non-sarcastic
Inclusive approach better hoti hai.,non-sarcastic
Open discussion encourage karna chahiye.,non-sarcastic
Wah kya acting hai concern ki!,sarcastic
Suddenly sabko problem yaad aa gayi.,sarcastic
Wah kya timing hai outrage ki.,sarcastic
Concern bhi selective hota hai apparently.,sarcastic
Wah kya hypocrisy hai.,sarcastic
Suddenly sab experts ban gaye bhai..,sarcastic
Wah kya moral lecture hai.,sarcastic
Aaj sabko sach ki yaad aa gayi achanak.,sarcastic
Wah kya double standards hain.,sarcastic
Aaj sabko justice ki fikr hai.,sarcastic
Wah kya awareness hai.,sarcastic
Suddenly sab activists ban gaye.,sarcastic
Wah kya drama hai.,sarcastic
Aaj sabko morality yaad aa gayi.,sarcastic
Wah kya outrage hai.,sarcastic
Suddenly sabko knowledge aa gaya.,sarcastic
Wah kya fake concern hai.,sarcastic
Aaj sab experts mode mein hain.,sarcastic
Wah kya selective activism hai.,sarcastic
Aaj sabko sach bolna yaad aa gaya.,sarcastic
Wah kya sudden awareness hai.,sarcastic
Sabko aaj hi problem dikhi.,sarcastic
Wah kya moral policing hai.,sarcastic
Suddenly sabko facts yaad aa gaye.,sarcastic
Wah kya honesty hai.,sarcastic
Wah kya entertainment chal raha hai.,sarcastic
Internet kabhi disappoint nahi karta.,sarcastic
Comment saction gold hai aaj.,sarcastic
Drama level next level hai.,sarcastic
Wah kya circus chal raha hai.,sarcastic
Internet ka IQ test chal raha hai lagta hai..,sarcastic
Aaj sab philosopher ban gaye.,sarcastic
Wah kya debate chal rahi hai.,sarcastic
Comment section mein PhD chal rahi hai.,sarcastic
Wah kya intelligence hai yahan.,sarcastic
Nahi nahi aapse zyada beautiful kaun hai duniya main!,sarcastic
Wah kya logic hai yahan.,sarcastic
Internet experts ka conference chal raha yaha toh.,sarcastic
World ka end lagta hai 2026 mein yahi karegi.,sarcastic
Areh aap God she kam thodi ho!,sarcastic
Haan bhai isse better argument kaha diya hai aaj tak kisi ne.,sarcastic
Comment section mein kuch zyada hi intellectual conversation chal rahi bro!,sarcastic
Wah apne kya reasoning di hai.,sarcastic
Wah iss comment section ke knowledge she toh mera upsc hi clear ho jayega.,sarcastic
Apne toh mujhe wisdom de diya..,sarcastic
Aapse zyada knowledge kisi aur mein kaha..,sarcastic
Wah kya thought process hai bhai..,sarcastic
Bas itna hi confidence chahiye sabko jeevan mein.,sarcastic
Wah aap toh ISRO ki discovery ko bhi fail kar denge.,sarcastic
Aapne toh legendary level ki padhai ki hai!,sarcastic
Yeh situation kaafi learning oportunity bhi ho sakti hai.,non-sarcastic
Society ko iss se kuch lessons mil sakte hain.,non-sarcastic
Future policies better ban sakti hain.,non-sarcastic
Dialogue se solutions mil sakte hain.,non-sarcastic
Public engagement zaroori hai.,non-sarcastic
Awareness se issues solve ho sakte hain.,non-sarcastic
Responsible leadership important hai.,non-sarcastic
Citizens ka role bhi important hai.,non-sarcastic
Collective effort se change possible hai.,non-sarcastic
Awareness hi progress ka base hai.,non-sarcastic
Yeh discussion kaafi informative lag raha hai.,non-sarcastic
Comments padhkar different perspective milte hain.,non-sarcastic
Log apni experience share kar rahe hain.,non-sarcastic
Discussion kaafi active hai.,non-sarcastic
Different viewpoints interesting hain.,non-sarcastic
Debate kaafi engaging ho gayi hain.,non-sarcastic
Social media par awareness badh rahi hai.,non-sarcastic
Log actively participate kar rahe hain.,non-sarcastic
Dialogue constructive ho sakta hai.,non-sarcastic
 Opinion sharing democracy ka part hai.,non-sarcastic
Har issue ko depth se samajhna chahiye.,non-sarcastic
Public discussion important hai.,non-sarcastic
Democracy mein dialogue zaroori hota hai.,non-sarcastic
Responsible speech important hai.,non-sarcastic
Respectful disagreement possible hai.,non-sarcastic
Critical thinking develop karna chahiye.,non-sarcastic
Awareness se misinformation kam hoti hai.,non-sarcastic
Education bhi important factor hai.,non-sarcastic
Society ko informed rehna chahiye.,non-sarcastic
Dialogue hi solution ka first step hai.,non-sarcastic
Yeh topic genuinely important hai.,non-sarcastic
Public discourse ka level improve hona chahiye.,non-sarcastic
Facts ke saath discussion hona chahiye.,non-sarcastic
Healthy debate zaroori hai.,non-sarcastic
Respectful disagreement bhi democracy ka part hai.,non-sarcastic
Har issue ko balanced view se dekhna chahiye.,non-sarcastic
Emotional reaction se zyada logical thinking important hai.,non-sarcastic
Responsible communication sabki duty hai.,non-sarcastic
Awareness se better society ban sakti hai.,non-sarcastic
Discussion se solutions milte hain.,non-sarcastic
Dialogue continue rehna chahiye.,non-sarcastic
Public participation important hai.,non-sarcastic
Constructive thinking helpful hoti hai.,non-sarcastic
Sensible debate society ko forward le jaati hai.,non-sarcastic
Knowledge sharing zaroori hai.,non-sarcastic
Har citizen ko carefull rehna hoga iss difficult situation mein.,non-sarcastic
Responsible engagement important hai.,non-sarcastic
Dialogue open rehna chahiye.,non-sarcastic
Understanding develop karna zaroori hai.,non-sarcastic
Constructive conversation hi progress ka base hai.,non-sarcastic
"Wah bhai, kya acting karte ho… Oscar bas raste mein hai.",sarcastic
Itna confidence kahan se aata hai bina talent ke?,sarcastic
Aap toh overacting ke brand ambassador lagte ho.,sarcastic
Matlab kuch bhi post karoge aur hum dekhte rahenge?,sarcastic
"Bhai content kam, confidence zyada hai.",sarcastic
Ye talent hai ya network strong hai?,sarcastic
Aapko dekh ke lagta hai filter bhi sharma jata hoga.,sarcastic
Matlab logic ne bhi aaj chhutti le li?,sarcastic
Aapka level alag hi hai… neeche wala.,sarcastic
Itni mehnat ignore karne mein lagti hai aapko dekh ke.,sarcastic
Bhai aapko dekh ke WiFi bhi disconnect ho jaye.,sarcastic
"Kya mast bakwaas hai, maza aa gaya.",sarcastic
Aapke jokes pe silence bhi awkward ho jata hai.,sarcastic
Ye post dekh ke mera data waste ho gaya.,sarcastic
Aap toh cringe ke CEO ho.,sarcastic
"Matlab kuch bhi daal do, caption mein deep likh do.",sarcastic
Aapko dekh ke lagta hai reality optional hai.,sarcastic
"Wah bhai, kya beizzati karte ho khud ki.",sarcastic
Talent ghar pe bhool aaye kya?,sarcastic
Aapko ignore karna bhi ek skill hai.,sarcastic
Matlab dimag use karna optional hai kya?,sarcastic
Aapke ideas WhatsApp forward se aate hain kya?,sarcastic
Itna confidence mujhe bhi chahiye bina reason ke.,sarcastic
Ye post dekh ke phone bhi hang ho gaya.,sarcastic
Bhai aapka level samajhne ke liye microscope chahiye.,sarcastic
Matlab aap serious ho ya mazaak chal raha hai?,sarcastic
Aapke content ko dekh ke lagta hai “skip ad” option hona chahiye.,sarcastic
Ye dekh ke mera dimaag restart ho gaya.,sarcastic
Bhai aapka logic sale pe tha kya?,sarcastic
"Matlab kuch bhi bol do, log maan lenge?",sarcastic
Aapko dekh ke lagta hai Google bhi confuse ho jaye.,sarcastic
Itna cringe toh TikTok pe bhi nahi hota tha.,sarcastic
Aapka content = timepass ka worst version.,sarcastic
Bhai aapko award milna chahiye “Most Confident Without Reason”.,sarcastic
Matlab aap khud ko seriously lete ho?,sarcastic
Aapka brain buffering pe hai kya?,sarcastic
Ye post dekh ke mera phone bhi regret kar raha hai.,sarcastic
Aapka level alag hi dimension mein hai.,sarcastic
Bhai aapko dekh ke lagta hai try karna bhi optional hai.,sarcastic
Matlab logic aur aapka breakup ho gaya kya?,sarcastic
Aapka content dekh ke lagta hai “expectation vs reality” fail ho gaya.,sarcastic
Bhai aapka swag aur reality ka connection weak hai.,sarcastic
Matlab aapko koi roke kyun nahi raha?,sarcastic
Aapko dekh ke lagta hai effort waste ho gaya.,sarcastic
Bhai aapka confidence illegal hona chahiye.,sarcastic
Matlab aapko sharam free mein milti hai kya?,sarcastic
Aapka content dekh ke lagta hai boredom bhi bored ho gaya.,sarcastic
Bhai aapko dekh ke lagta hai filter bhi resign kar de.,sarcastic
Matlab aap seriously proud ho ispe?,sarcastic
Aapka content = skip karne layak.,sarcastic
Bhai aapko dekh ke lagta hai try hard bhi give up kar de.,sarcastic
Matlab kuch bhi post karoge aur hum clap karein?,sarcastic
Aapka brain airplane mode pe hai kya?,sarcastic
"Bhai aapka logic missing hai, report karun kya?",sarcastic
Matlab aapko khud hasi aati hai ispe?,sarcastic
Aapka content dekh ke lagta hai “why bro why?”,sarcastic
Bhai aapko dekh ke lagta hai effort waste ho gaya duniya ka.,sarcastic
Matlab aapko reality check kab milega?,sarcastic
Aapka swag sirf caption mein hi hota hai.,sarcastic
Bhai aapka confidence NASA ko donate karo.,sarcastic
Matlab aapko koi sach batata nahi kya?,sarcastic
Aapko dekh ke lagta hai expectations mar gayi.,sarcastic
Bhai aapka content buffering mein hi accha lagta hai.,sarcastic
Matlab aapko khud pe doubt nahi hota kabhi?,sarcastic
Aapka level dekh ke lagta hai effort optional hai.,sarcastic
Bhai aapka brain update pending hai.,sarcastic
Matlab aapko lagta hai ye viral hoga?,sarcastic
Aapko dekh ke lagta hai try karna bhi zaroori nahi.,sarcastic
Bhai aapka swag aur reality ka breakup ho gaya.,sarcastic
Matlab aapka confidence unlimited pack pe hai.,sarcastic
Aapka content dekh ke lagta hai boredom ka king mil gaya.,sarcastic
Bhai aapko dekh ke lagta hai patience test ho raha hai.,sarcastic
Matlab aapko koi guide nahi karta kya?,sarcastic
Aapka content dekh ke lagta hai “delete kar de bhai”.,sarcastic
"Bhai aapka level samajhna mushkil hi nahi, impossible hai.",sarcastic
Matlab aapko lagta hai ye cool hai?,sarcastic
Aapko dekh ke lagta hai cringe bhi sharma jaye.,sarcastic
Bhai aapka confidence overacting se bhi zyada hai.,sarcastic
Matlab aapko reality pasand nahi hai kya?,sarcastic
Aapka content dekh ke lagta hai “scroll fast karo”.,sarcastic
Bhai aapko dekh ke lagta hai try karna waste hai.,sarcastic
Matlab aapko khud pe itna bharosa kaise hai?,sarcastic
Aapka brain lagta hai vacation pe hai.,sarcastic
Bhai aapka swag sirf imagination mein hai.,sarcastic
Matlab aapko koi feedback nahi deta kya?,sarcastic
Aapka content dekh ke lagta hai “next please”.,sarcastic
Bhai aapko dekh ke lagta hai effort ka mazaak ban gaya.,sarcastic
Matlab aapko khud pe hasi nahi aati?,sarcastic
Aapka level dekh ke lagta hai expectations low rakhni chahiye.,sarcastic
Bhai aapka confidence dangerous hai.,sarcastic
Matlab aapko lagta hai ye relatable hai?,sarcastic
Aapka content dekh ke lagta hai “bas kar bhai”.,sarcastic
Bhai aapko dekh ke lagta hai logic resign kar gaya.,sarcastic
Matlab aapko koi reality check bheju?,sarcastic
Aapka swag aur sachai ka connection weak hai.,sarcastic
Bhai aapka content dekh ke lagta hai data barbaad ho gaya.,sarcastic
Matlab aapko lagta hai ye funny hai?,sarcastic
Aapko dekh ke lagta hai try karna optional hai.,sarcastic
"Bhai aapka confidence unlimited hai, bas talent limited.",sarcastic
Matlab aapka level… chhodo rehne do,sarcastic
Mast lag raha hai,non-sarcastic
Nice pic yaar,non-sarcastic
Kya baat hai,non-sarcastic
Looking good,non-sarcastic
Solid post hai,non-sarcastic
Badiya hai,non-sarcastic
Kaafi cool,non-sarcastic
Ye toh sahi hai,non-sarcastic
Zabardast,non-sarcastic
Full vibe hai,non-sarcastic
Simple aur classy,non-sarcastic
Bahut accha hai,non-sarcastic
Acha lag raha hai,non-sarcastic
Clean shot,non-sarcastic
Kaafi sahi,non-sarcastic
Yeh mast hai,non-sarcastic
Badiya click,non-sarcastic
Kaafi interesting,non-sarcastic
Yeh alag hai,non-sarcastic
Achha content hai,non-sarcastic
Kaafi impressive,non-sarcastic
Yeh pasand aaya,non-sarcastic
Solid effort,non-sarcastic
Achha kaam,non-sarcastic
Badiya lag raha hai,non-sarcastic
Kaafi creative,non-sarcastic
Yeh strong hai,non-sarcastic
Nice one,non-sarcastic
Yeh dekh ke accha laga,non-sarcastic
Kaafi decent,non-sarcastic
Good work,non-sarcastic
Yeh unique hai,non-sarcastic
Simple but nice,non-sarcastic
Kaafi smooth,non-sarcastic
Yeh classy hai,non-sarcastic
Achhi post hai,non-sarcastic
Yeh perfect hai,non-sarcastic
Kaafi clean lag raha hai,non-sarcastic
Yeh alag level hai,non-sarcastic
Bahut badhiya,non-sarcastic
Yeh strong vibe hai,non-sarcastic
Kaafi balanced,non-sarcastic
Achha lag raha overall,non-sarcastic
Yeh sahi direction mein hai,non-sarcastic
Kaafi sorted,non-sarcastic
Yeh subtle hai,non-sarcastic
Achha presentation hai,non-sarcastic
Yeh natural lag raha hai,non-sarcastic
Kaafi neat,non-sarcastic
Yeh fresh hai,non-sarcastic
Yeh kaafi real hai,non-sarcastic
Good choice,non-sarcastic
Kaafi simple aur accha,non-sarcastic
Yeh appealing hai,non-sarcastic
Kaafi smooth work,non-sarcastic
Yeh calm vibe deta hai,non-sarcastic
Kaafi impressive work,non-sarcastic
Yeh engaging hai,non-sarcastic
Kaafi thoughtful,non-sarcastic
Yeh nice lag raha hai,non-sarcastic
Achha effort dikh raha hai,non-sarcastic
Yeh kaafi polished hai,non-sarcastic
Kaafi stable lag raha hai,non-sarcastic
Yeh accha try hai,non-sarcastic
Kaafi sorted look,non-sarcastic
Yeh kaafi neat work hai,non-sarcastic
Achha output hai,non-sarcastic
Kaafi sharp,non-sarcastic
Yeh clear hai,non-sarcastic
Kaafi well done,non-sarcastic
Yeh kaafi decent work hai,non-sarcastic
Achha execution,non-sarcastic
Kaafi focused lag raha hai,non-sarcastic
Yeh balanced hai,non-sarcastic
Kaafi strong post,non-sarcastic
Yeh accha laga dekh ke,non-sarcastic
Kaafi neat finish,non-sarcastic
Yeh kaafi genuine hai,non-sarcastic
Achha flow hai,non-sarcastic
Kaafi thoughtful post,non-sarcastic
Yeh kaafi smooth hai,non-sarcastic
Achha concept hai,non-sarcastic
Kaafi steady work,non-sarcastic
Yeh kaafi pleasing hai,non-sarcastic
Achha combination hai,non-sarcastic
Kaafi clean execution,non-sarcastic
Yeh kaafi simple hai,non-sarcastic
Achha feel deta hai,non-sarcastic
Kaafi natural work,non-sarcastic
Yeh kaafi decent hai,non-sarcastic
Achha lag raha honestly,non-sarcastic
Kaafi theek hai,non-sarcastic
Yeh kaafi accha bana hai,non-sarcastic
Achha try kiya hai,non-sarcastic
Kaafi sahi direction hai,non-sarcastic
Yeh kaafi okay hai,non-sarcastic
Achha lag raha overall,non-sarcastic
Kaafi solid hai,non-sarcastic
Yeh kaafi accha hai,non-sarcastic
Badiya overall,non-sarcastic
"Wah kya struggle hai, bilkul relatable",sarcastic
Aapke talent se zyada aapka PR kaam karta hai,sarcastic
Bas itni confidence chahiye life mein,sarcastic
"Matlab kuch bhi post kar lo, fans toh clap karenge hi",sarcastic
Yeh bhi theek hai,sarcastic
Koi isko reality check de do,sarcastic
"Content kam, overconfidence zyada",sarcastic
Aap toh legend nikle,sarcastic
Yeh sab dekhne ke liye hi internet liya tha,sarcastic
"Matlab bas post karna tha, kar diya",sarcastic
Hard work clearly dikh raha hai,sarcastic
Aapka logic Nobel Prize deserve karta hai,sarcastic
"Kya baat hai, next level inspiration",sarcastic
"Matlab kuch bhi bol do, log maan lenge",sarcastic
Yehi dekhna baaki tha,sarcastic
Reality se kitna door reh lete ho,sarcastic
Talent hidden hi rehne do please,sarcastic
"Wah, kya acting hai real life mein",sarcastic
Yeh confidence Amazon pe milta hai kya,sarcastic
Matlab aap serious ho ya joke chal raha hai,sarcastic
Aapka brain vacation pe hai kya,sarcastic
Isko bolte hain self-love overdose,sarcastic
"Wah, kya standards set kiye hain",sarcastic
Yeh bhi ek tareeka hai famous rehne ka,sarcastic
Matlab bas bol diya aur ho gaya,sarcastic
Koi script writer rakho please,sarcastic
Aapko dekh ke motivation milta hai… kya na karna chahiye,sarcastic
Wah kya depth hai baaton mein,sarcastic
Matlab kuch bhi content hai,sarcastic
Reality check loading... kabhi toh complete hoga,sarcastic
Yeh sab dekh ke hi log troll bante hain,sarcastic
Aapka logic physics ke rules tod raha hai,sarcastic
"Wah kya simplicity hai, samajh hi nahi aayi",sarcastic
Matlab bas views ke liye kuch bhi,sarcastic
Yeh sab genuine hai ya acting chal rahi hai,sarcastic
"Kya baat hai, overacting bhi kam lag rahi hai",sarcastic
Matlab aap khud ko seriously lete ho,sarcastic
Yeh sab kaun approve karta hai,sarcastic
Aapka confidence hi aapka talent hai,sarcastic
"Wah, kya natural lag rahe ho",sarcastic
Matlab bas camera on karo aur start ho jao,sarcastic
Aapke ideas ka source kya hai,sarcastic
Yeh sab dekh ke hi log social media chhod dete hain,sarcastic
Matlab kuch bhi chal raha hai,sarcastic
Aapko koi sach kyun nahi batata,sarcastic
"Wah kya timing hai, galat time pe galat cheez",sarcastic
"Matlab bas bol diya, logic optional",sarcastic
Yeh sab viral kaise ho jata hai,sarcastic
Aapka content dekh ke silence better lagta hai,sarcastic
"Wah kya creativity hai, zero effort wali",sarcastic
"Matlab bas naam hai, kaam nahi",sarcastic
Yeh sab dekh ke lagta hai sab possible hai,sarcastic
Aapka confidence hi sabse bada illusion hai,sarcastic
"Wah kya delivery hai, message missing",sarcastic
"Matlab kuch bhi kar lo, fans toh defend karenge",sarcastic
Yeh sab intentional hai ya naturally aata hai,sarcastic
Aapko dekh ke lagta hai try karna zaroori nahi,sarcastic
"Wah kya dedication hai, wrong direction mein",sarcastic
"Matlab bas hype hai, substance nahi",sarcastic
Yeh sab dekh ke headache ho gaya,sarcastic
Aapka level alag hi chal raha hai,sarcastic
Wah kya consistency hai nonsense mein,sarcastic
Matlab bas trending mein rehna hai,sarcastic
Yeh sab kaun enjoy karta hai,sarcastic
Aapka content mute pe hi achha lagta hai,sarcastic
"Wah kya effort hai, dikha hi nahi",sarcastic
"Matlab bas camera friendly ho, kaafi hai",sarcastic
Yeh sab dekh ke lagta hai duniya unfair hai,sarcastic
Aapka talent invisible mode mein hai,sarcastic
"Wah kya clarity hai, bilkul nahi hai",sarcastic
"Matlab kuch bhi bol do, deep lagta hai",sarcastic
Yeh sab dekh ke logic resign kar gaya,sarcastic
Aapka confidence hi content hai,sarcastic
"Wah kya execution hai, idea missing",sarcastic
"Matlab bas famous ho, enough hai",sarcastic
Yeh sab dekh ke time waste feel hota hai,sarcastic
Aapka brain buffering mein hai,sarcastic
"Wah kya vision hai, dikha nahi",sarcastic
Matlab kuch bhi likh do caption mein,sarcastic
Yeh sab dekh ke internet slow lagta hai,sarcastic
Aapka standard alag hi universe mein hai,sarcastic
"Wah kya honesty hai, clearly fake",sarcastic
Matlab bas attention chahiye,sarcastic
Yeh sab dekh ke patience test hota hai,sarcastic
Aapka logic optional subject hai kya,sarcastic
Wah kya thought process hai,sarcastic
"Matlab bas post karna hai, kar diya",sarcastic
Yeh sab dekh ke regret hota hai,sarcastic
Aapka talent loading hi reh gaya,sarcastic
Wah kya confidence hai bina reason ke,sarcastic
Matlab kuch bhi meaningful nahi hai,sarcastic
Yeh sab dekh ke silence golden lagta hai,sarcastic
Aapka vibe hi confusing hai,sarcastic
"Wah kya originality hai, kahin aur dekhi hui",sarcastic
Matlab bas repeat content,sarcastic
Yeh sab dekh ke brain cells hurt ho gaye,sarcastic
Aapka logic break pe hai,sarcastic
"Wah kya charm hai, invisible wala",sarcastic
Matlab bas naam hi kaafi hai,sarcastic
Yeh sab dekh ke skip karne ka mann karta hai,sarcastic
Aapka effort hidden hai,sarcastic
"Wah kya impact hai, negative wala",sarcastic
Matlab kuch bhi bol ke nikal jao,sarcastic
Yeh sab dekh ke doubt hota hai,sarcastic
"Aapka style unique hai, samajh nahi aata",sarcastic
Wah kya expression hai,sarcastic
Matlab bas views ka game hai,sarcastic
Yeh sab dekh ke cringe feel hota hai,sarcastic
Aapka presence hi enough hai apparently,sarcastic
"Wah kya logic hai, bilkul nahi hai",sarcastic
Matlab kuch bhi trend ho raha hai,sarcastic
Yeh sab dekh ke laugh aa jata hai,sarcastic
Aapka level hi different hai,sarcastic
Wah kya dialogue hai,sarcastic
Matlab bas bolte jao,sarcastic
Yeh sab dekh ke facepalm ho gaya,sarcastic
Aapka content hi experiment lagta hai,sarcastic
Wah kya confidence hai bina base ke,sarcastic
Matlab kuch bhi justify kar lo,sarcastic
Yeh sab dekh ke brain tired ho gaya,sarcastic
Aapka output unexpected hi rehta hai,sarcastic
Wah kya creativity hai random wali,sarcastic
Matlab bas hype create karo,sarcastic
Yeh sab dekh ke patience khatam,sarcastic
Aapka vibe hi alag hai,sarcastic
Wah kya effort hai invisible,sarcastic
Matlab kuch bhi meaningful nahi,sarcastic
Yeh sab dekh ke interest chala gaya,sarcastic
Aapka content hi confusion hai,sarcastic
Wah kya clarity hai missing,sarcastic
Matlab bas bol diya,sarcastic
Yeh sab dekh ke regret ho raha hai,sarcastic
Aapka talent mystery hai,sarcastic
Wah kya performance hai,sarcastic
Matlab kuch bhi trending hai,sarcastic
Yeh sab dekh ke logic ro raha hai,sarcastic
Aapka approach hi unique hai,sarcastic
Wah kya execution hai weak,sarcastic
Matlab bas popularity ka game,sarcastic
Yeh sab dekh ke time waste lagta hai,sarcastic
Aapka style hi questionable hai,sarcastic
Wah kya delivery hai flat,sarcastic
Matlab kuch bhi kar lo,sarcastic
Yeh sab dekh ke doubt hota hai future pe,sarcastic
Aapka thinking process interesting hai,sarcastic
Wah kya presence hai confusing,sarcastic
Matlab bas bolte raho,sarcastic
Yeh sab dekh ke mind blank ho gaya,sarcastic
Aapka effort minimal hai,sarcastic
Wah kya creativity hai zero wali,sarcastic
Matlab kuch bhi chal raha hai,sarcastic
Yeh sab dekh ke hope kam ho gayi,sarcastic
Aapka content hi unpredictable hai,sarcastic
Wah kya vibe hai strange,sarcastic
Matlab bas audience mil gayi,sarcastic
Yeh sab dekh ke patience test hota hai,sarcastic
Aapka style hi experiment hai,sarcastic
Wah kya energy hai wrong direction mein,sarcastic
Matlab kuch bhi bol do,sarcastic
Yeh sab dekh ke interest drop ho gaya,sarcastic
Aapka presence hi confusing hai,sarcastic
Wah kya idea hai incomplete,sarcastic
Matlab bas repeat karo,sarcastic
Yeh sab dekh ke headache aa gaya,sarcastic
Aapka talent hidden treasure hai,sarcastic
Wah kya effort hai zero,sarcastic
Matlab kuch bhi viral ho raha hai,sarcastic
Yeh sab dekh ke logic crash ho gaya,sarcastic
Aapka content hi random hai,sarcastic
Wah kya output hai unclear,sarcastic
Matlab bas fame chahiye,sarcastic
Yeh sab dekh ke disbelief hota hai,sarcastic
Aapka approach hi risky hai,sarcastic
Wah kya thought hai shallow,sarcastic
Matlab kuch bhi acceptable hai,sarcastic
Yeh sab dekh ke shock lagta hai,sarcastic
Aapka thinking hi alag hai,sarcastic
Wah kya plan hai missing,sarcastic
Matlab bas bolte jao,sarcastic
Yeh sab dekh ke confusion badh gaya,sarcastic
Aapka vibe hi off hai,sarcastic
Wah kya result hai average,sarcastic
Matlab kuch bhi justify kar lo,sarcastic
Yeh sab dekh ke laugh control nahi hota,sarcastic
Aapka logic hi weak hai,sarcastic
Wah kya content hai unnecessary,sarcastic
Matlab bas hype create karo,sarcastic
Yeh sab dekh ke doubt hota hai,sarcastic
Aapka style hi confusing hai,sarcastic
Wah kya execution hai poor,sarcastic
Matlab kuch bhi bol diya,sarcastic
Yeh sab dekh ke time waste feel hota hai,sarcastic
Aapka content hi unpredictable hai,sarcastic
Wah kya creativity hai forced,sarcastic
Matlab bas views chahiye,sarcastic
Yeh sab dekh ke patience khatam,sarcastic
Aapka approach hi odd hai,sarcastic
Wah kya vibe hai off,sarcastic
Matlab kuch bhi trend ho raha hai,sarcastic
Yeh sab dekh ke bas… kya hi bolun,sarcastic
Aap hamesha amazing lagte ho,non-sarcastic
Itna perfect kaise ho sakte ho yaar,non-sarcastic
Full on Bollywood vibes aa rahi hai,non-sarcastic
Aaj toh killer look hai,non-sarcastic
Aapka style next level hai,non-sarcastic
Dil jeet liya aapne,non-sarcastic
Yeh look toh fire hai,non-sarcastic
Bahut hi classy lag rahe ho,non-sarcastic
Aapka smile sabse best hai,non-sarcastic
Pure desi swag,non-sarcastic
Aap toh hamesha hi shine karte ho,non-sarcastic
Yeh outfit bahut mast hai,non-sarcastic
Aapko dekh ke mood acha ho jata hai,non-sarcastic
Full royal vibes aa rahi hai,non-sarcastic
Itna confidence chahiye life mein,non-sarcastic
Aapka charm hi alag hai,non-sarcastic
Dil se respect hai aapke liye,non-sarcastic
Yeh picture ekdum perfect hai,non-sarcastic
Aap hamesha dil jeet lete ho,non-sarcastic
Itni simplicity rare hai,non-sarcastic
Aapki energy bohot positive hai,non-sarcastic
Yeh look repeat karna padega,non-sarcastic
Aapka swag hi alag level ka hai,non-sarcastic
Bahut hi pyara moment hai,non-sarcastic
Aapki smile se sab kuch bright lagta hai,non-sarcastic
Itna natural kaise lagte ho,non-sarcastic
Aapka aura hi alag hai,non-sarcastic
Yeh caption bhi mast hai,non-sarcastic
Aapko dekh ke inspiration milti hai,non-sarcastic
Aaj toh bilkul superstar lag rahe ho,non-sarcastic
Aapka dressing sense top notch hai,non-sarcastic
Yeh photo bilkul aesthetic hai,non-sarcastic
Aap toh evergreen ho,non-sarcastic
Har look mein perfect lagte ho,non-sarcastic
Yeh pose bhi kaafi solid hai,non-sarcastic
Aapka style copy karne ka mann karta hai,non-sarcastic
Bahut hi strong vibes aa rahi hai,non-sarcastic
Aapko dekh ke confidence aata hai,non-sarcastic
Yeh reel bahut smooth hai,non-sarcastic
Aapka glow alag hi level ka hai,non-sarcastic
Itni consistency kaise maintain karte ho,non-sarcastic
Aapka presence hi enough hai,non-sarcastic
Yeh moment yaadgar hai,non-sarcastic
Aapka fashion sense mind blowing hai,non-sarcastic
Pure Bollywood royalty,non-sarcastic
Aapko dekh ke smile aa jati hai,non-sarcastic
Yeh look totally iconic hai,non-sarcastic
Aapka charm kabhi kam nahi hota,non-sarcastic
Bahut hi soothing lag raha hai,non-sarcastic
Aapki vibe positive hai,non-sarcastic
Yeh outfit aap pe perfect lag raha hai,non-sarcastic
Aap hamesha dil khush kar dete ho,non-sarcastic
Yeh look trending hona chahiye,non-sarcastic
Aapka confidence inspiring hai,non-sarcastic
Itna grace kaise maintain karte ho,non-sarcastic
Aapka look always on point hota hai,non-sarcastic
Yeh picture wallpaper worthy hai,non-sarcastic
Aapka swag full power hai,non-sarcastic
Bahut hi soft vibes aa rahi hai,non-sarcastic
Aapka charm unbeatable hai,non-sarcastic
Yeh reel baar baar dekhne ka mann karta hai,non-sarcastic
Aapka style simple but classy hai,non-sarcastic
Itna effortless kaise lagte ho,non-sarcastic
Aapka smile pure gold hai,non-sarcastic
Yeh look sabse best hai,non-sarcastic
Aapka aura powerful hai,non-sarcastic
Yeh outfit goals de raha hai,non-sarcastic
Aapko dekh ke motivation milti hai,non-sarcastic
Bahut hi elegant lag rahe ho,non-sarcastic
Aapka glow natural hai,non-sarcastic
Yeh picture kaafi wholesome hai,non-sarcastic
Aapka vibe calm hai,non-sarcastic
Yeh pose kaafi strong hai,non-sarcastic
Aapka personality hi alag hai,non-sarcastic
Yeh moment feel good hai,non-sarcastic
Aapka look full fresh hai,non-sarcastic
Bahut hi decent lag rahe ho,non-sarcastic
Aapka swag silent but strong hai,non-sarcastic
Yeh reel ekdum smooth hai,non-sarcastic
Aapka confidence next level hai,non-sarcastic
Yeh look repeat mode pe hai,non-sarcastic
Aapka presence powerful lagta hai,non-sarcastic
Bahut hi charming lag rahe ho,non-sarcastic
Aapka vibe classy hai,non-sarcastic
Yeh photo kaafi aesthetic hai,non-sarcastic
Aapka look simple but effective hai,non-sarcastic
Itna natural kaise ho,non-sarcastic
Aapka style always unique hai,non-sarcastic
Yeh caption relatable hai,non-sarcastic
Aapka charm constant hai,non-sarcastic
Bahut hi cool lag rahe ho,non-sarcastic
Aapka dressing sense top class hai,non-sarcastic
Yeh reel kaafi engaging hai,non-sarcastic
Aapka smile heartwarming hai,non-sarcastic
Yeh look perfect balance hai,non-sarcastic
Aapka aura calm hai,non-sarcastic
Bahut hi strong presence hai,non-sarcastic
Aapka vibe peaceful hai,non-sarcastic
Yeh outfit classy lag raha hai,non-sarcastic
Aapka glow noticeable hai,non-sarcastic
Bahut hi genuine lag rahe ho,non-sarcastic
Aapka confidence inspiring hai,non-sarcastic
Yeh look kaafi refreshing hai,non-sarcastic
Aapka style evergreen hai,non-sarcastic
Bahut hi bright lag rahe ho,non-sarcastic
Aapka smile infectious hai,non-sarcastic
Yeh photo kaafi dreamy hai,non-sarcastic
Aapka vibe chill hai,non-sarcastic
Bahut hi graceful lag rahe ho,non-sarcastic
Aapka personality strong hai,non-sarcastic
Yeh look kaafi balanced hai,non-sarcastic
Aapka aura attractive hai,non-sarcastic
Bahut hi soothing presence hai,non-sarcastic
Aapka style modern hai,non-sarcastic
Yeh reel kaafi smooth hai,non-sarcastic
Aapka charm timeless hai,non-sarcastic
Bahut hi neat lag rahe ho,non-sarcastic
Aapka look effortless hai,non-sarcastic
Yeh outfit kaafi trendy hai,non-sarcastic
Aapka vibe fresh hai,non-sarcastic
Bahut hi positive energy hai,non-sarcastic
Aapka style sharp hai,non-sarcastic
Yeh look kaafi bold hai,non-sarcastic
Aapka smile natural hai,non-sarcastic
Bahut hi clean look hai,non-sarcastic
Aapka presence strong hai,non-sarcastic
Yeh photo kaafi nice hai,non-sarcastic
Aapka aura soft hai,non-sarcastic
Bahut hi cool vibes hai,non-sarcastic
Aapka style classy hai,non-sarcastic
Yeh look kaafi decent hai,non-sarcastic
Aapka smile bright hai,non-sarcastic
Bahut hi lovely lag rahe ho,non-sarcastic
Aapka vibe smooth hai,non-sarcastic
Yeh outfit kaafi stylish hai,non-sarcastic
Aapka charm real hai,non-sarcastic
Bahut hi calm lag rahe ho,non-sarcastic
Aapka personality appealing hai,non-sarcastic
Yeh look kaafi neat hai,non-sarcastic
Aapka style strong hai,non-sarcastic
Bahut hi simple lag rahe ho,non-sarcastic
Aapka aura light hai,non-sarcastic
Yeh photo kaafi soft hai,non-sarcastic
Aapka smile genuine hai,non-sarcastic
Bahut hi sweet lag rahe ho,non-sarcastic
Aapka vibe natural hai,non-sarcastic
Yeh look kaafi subtle hai,non-sarcastic
Aapka style clean hai,non-sarcastic
Bahut hi fresh lag rahe ho,non-sarcastic
Aapka charm soft hai,non-sarcastic
Yeh outfit kaafi elegant hai,non-sarcastic
Aapka presence calm hai,non-sarcastic
Bahut hi composed lag rahe ho,non-sarcastic
Aapka smile pure hai,non-sarcastic
Yeh look kaafi balanced hai,non-sarcastic
Aapka style minimal hai,non-sarcastic
Bahut hi nice lag rahe ho,non-sarcastic
Aapka aura peaceful hai,non-sarcastic
Yeh photo kaafi soothing hai,non-sarcastic
Aapka vibe real hai,non-sarcastic
Bahut hi charming lag rahe ho,non-sarcastic
Aapka style consistent hai,non-sarcastic
Yeh look kaafi polished hai,non-sarcastic
Aapka smile warm hai,non-sarcastic
Bahut hi elegant vibes hai,non-sarcastic
Aapka presence strong hai,non-sarcastic
Yeh outfit kaafi decent hai,non-sarcastic
Aapka charm subtle hai,non-sarcastic
Bahut hi graceful vibes hai,non-sarcastic
Aapka style clean hai,non-sarcastic
Yeh look kaafi classy hai,non-sarcastic
Aapka smile beautiful hai,non-sarcastic
Bahut hi soft vibes hai,non-sarcastic
Aapka aura bright hai,non-sarcastic
Yeh photo kaafi natural hai,non-sarcastic
Aapka vibe calm hai,non-sarcastic
Bahut hi sweet presence hai,non-sarcastic
Aapka style balanced hai,non-sarcastic
Yeh look kaafi smooth hai,non-sarcastic
Aapka smile lovely hai,non-sarcastic
Bahut hi cool presence hai,non-sarcastic
Aapka aura soft hai,non-sarcastic
Yeh outfit kaafi stylish hai,non-sarcastic
Aapka vibe fresh hai,non-sarcastic
Bahut hi nice energy hai,non-sarcastic
Aapka style elegant hai,non-sarcastic
Yeh look kaafi graceful hai,non-sarcastic
Aapka smile warm hai,non-sarcastic
Bahut hi peaceful vibes hai,non-sarcastic
Aapka presence subtle hai,non-sarcastic
Yeh photo kaafi clean hai,non-sarcastic
Aapka vibe natural hai,non-sarcastic
Bahut hi charming energy hai,non-sarcastic
Aapka style simple hai,non-sarcastic
Yeh look kaafi fresh hai,non-sarcastic
Aapka smile bright hai,non-sarcastic
Bahut hi positive vibes hai,non-sarcastic
Aapka aura calm hai,non-sarcastic
Yeh outfit kaafi neat hai,non-sarcastic
Aapka presence beautiful hai,non-sarcastic
"Wah kya development hai, aankhon se dikhta hi nahi",sarcastic
"Sab changa si, bas ground pe nahi",sarcastic
"Kya baat hai, promises toh Netflix series ban gaye",sarcastic
Ground reality optional hai kya,sarcastic
Aapka vision future mein hi dikhega shayad,sarcastic
"Matlab report card mein sab pass, reality mein sab fail",sarcastic
"Wah transparency hai, kuch dikh hi nahi raha",sarcastic
"Sab data perfect hai, bas log hi galat bol rahe hain",sarcastic
"Kya leadership hai, blame game top class",sarcastic
"Policies ka trailer acha tha, movie missing hai",sarcastic
"Wah kya governance hai, bas speeches strong hain",sarcastic
Aapka roadmap Google Maps se bhi confusing hai,sarcastic
"Ground pe kuch ho ya na ho, announcements full power",sarcastic
"Sabka saath hai, bas result ka pata nahi",sarcastic
"Wah kya planning hai, result ka wait hi chal raha hai",sarcastic
Data dekh ke lagta hai sab dreamland mein hai,sarcastic
"Wah kya implementation hai, paper pe hi perfect",sarcastic
Reality ko ignore karna bhi ek skill hai,sarcastic
Aapka confidence hi sabse bada achievement hai,sarcastic
"Wah kya system hai, accountability missing",sarcastic
"Matlab sab control mein hai, bas situation nahi",sarcastic
"Kya baat hai, har problem ka blame ready hai",sarcastic
"Ground pe kuch bhi ho, narrative strong rehna chahiye",sarcastic
"Wah kya execution hai, bas delay hi delay",sarcastic
"Matlab sab plan hai, bas kaam nahi ho raha",sarcastic
"Kya vision hai, bas log samajh nahi pa rahe",sarcastic
"Wah kya progress hai, backwards direction mein",sarcastic
"Sab kuch under control hai, bas control ka definition alag hai",sarcastic
"Kya strategy hai, result invisible",sarcastic
"Wah kya promises hai, repeat mode pe",sarcastic
"Matlab sab sorted hai, bas log confused hain",sarcastic
"Kya baat hai, blame shifting Olympic level ka",sarcastic
"Wah kya system hai, kaam baad mein, speech pehle",sarcastic
"Sabka vikas ho raha hai, bas dikh nahi raha",sarcastic
"Kya governance hai, sab announcement heavy",sarcastic
"Wah kya speed hai, kaam slow motion mein",sarcastic
"Matlab sab clear hai, bas clarity nahi",sarcastic
"Kya baat hai, ground report aur speech match hi nahi karte",sarcastic
"Wah kya planning hai, execution optional",sarcastic
"Sab kuch transparent hai, bas visible nahi",sarcastic
"Kya leadership hai, har baar surprise",sarcastic
"Wah kya focus hai, issues side pe",sarcastic
"Matlab sab track pe hai, bas destination unknown",sarcastic
"Kya system hai, complaint ka solution complaint hi",sarcastic
"Wah kya logic hai, problem ka solution speech",sarcastic
"Sab kuch perfect hai, bas log complain karte hain",sarcastic
"Kya baat hai, accountability ka concept hi alag hai",sarcastic
"Wah kya effort hai, result ka wait hi chal raha",sarcastic
"Matlab sab improvement hai, bas ground pe nahi",sarcastic
"Kya vision hai, bas future tense mein",sarcastic
"Wah kya governance hai, reality se disconnect",sarcastic
"Sab plan ke hisaab se ho raha hai, kaunsa plan pata nahi",sarcastic
"Kya baat hai, har baar new excuse ready",sarcastic
"Wah kya execution hai, result pending",sarcastic
Matlab sab under review hai,sarcastic
"Kya leadership hai, sab ka blame manage ho raha hai",sarcastic
"Wah kya system hai, kaam slow, talk fast",sarcastic
"Sab smooth hai, bas ground pe nahi",sarcastic
"Kya baat hai, priorities interesting hain",sarcastic
"Wah kya planning hai, bas output missing",sarcastic
"Matlab sab sorted hai, bas solution nahi",sarcastic
"Kya governance hai, sab announcement oriented",sarcastic
"Wah kya progress hai, dikhe toh sahi",sarcastic
"Sab control mein hai, bas log panic kar rahe hain",sarcastic
"Kya baat hai, solution ka wait hi chal raha",sarcastic
"Wah kya confidence hai, reality ignore kar ke",sarcastic
"Matlab sab stable hai, bas system unstable",sarcastic
"Kya leadership hai, har baar naya reason",sarcastic
"Wah kya focus hai, real issues side mein",sarcastic
"Sab acha hai, bas ground reality alag",sarcastic
"Kya baat hai, excuses unlimited",sarcastic
"Wah kya implementation hai, kaam ka delay fixed",sarcastic
"Matlab sab development hai, bas evidence nahi",sarcastic
"Kya governance hai, result ka suspense",sarcastic
"Wah kya system hai, kaam ka patience test",sarcastic
"Sab clear hai, bas clarity nahi",sarcastic
"Kya baat hai, har baar same story",sarcastic
"Wah kya speed hai, kaam slow, speech fast",sarcastic
"Matlab sab plan hai, bas execution missing",sarcastic
"Kya leadership hai, blame management strong",sarcastic
"Wah kya transparency hai, kuch dikhta hi nahi",sarcastic
"Sab under control hai, bas situation nahi",sarcastic
"Kya baat hai, priorities alag level ki",sarcastic
"Wah kya governance hai, ground zero",sarcastic
"Matlab sab growth hai, bas backward",sarcastic
"Kya system hai, kaam ka timing flexible",sarcastic
"Wah kya progress hai, invisible mode",sarcastic
"Sab smooth hai, bas result nahi",sarcastic
"Kya baat hai, planning hi planning",sarcastic
"Wah kya execution hai, delay hi delay",sarcastic
"Matlab sab okay hai, bas issues nahi",sarcastic
"Kya governance hai, output ka suspense",sarcastic
"Wah kya leadership hai, explanation ready",sarcastic
"Sab perfect hai, bas log problem hai",sarcastic
"Kya baat hai, accountability missing",sarcastic
"Wah kya speed hai, kaam ruk ruk ke",sarcastic
"Matlab sab improve ho raha hai, bas feel nahi hota",sarcastic
"Kya system hai, solution future mein",sarcastic
"Wah kya planning hai, ground pe zero",sarcastic
"Sab sorted hai, bas solution pending",sarcastic
"Kya baat hai, sab kuch paper pe hi best hai",sarcastic
"Wah kya development hai, microscope se dikh raha hai",sarcastic
"Matlab sab kaam ho raha hai, bas result chhupa hua hai",sarcastic
"Kya leadership hai, har cheez ka explanation ready",sarcastic
"Wah kya governance hai, sab speech driven",sarcastic
"Sab controlled hai, bas situation uncontrolled",sarcastic
"Kya baat hai, har baar new narrative",sarcastic
"Wah kya execution hai, time unlimited",sarcastic
"Matlab sab theek hai, bas log samajh nahi pa rahe",sarcastic
"Kya system hai, kaam ka guarantee nahi",sarcastic
"Wah kya progress hai, invisible update",sarcastic
"Sab stable hai, bas ground reality nahi",sarcastic
"Kya baat hai, priorities ka game strong",sarcastic
"Wah kya planning hai, implementation lost",sarcastic
"Matlab sab development hai, bas backward direction",sarcastic
"Kya governance hai, announcements hi achievements",sarcastic
"Wah kya leadership hai, blame shifting expert",sarcastic
"Sab smooth hai, bas output rough",sarcastic
"Kya baat hai, har baar same pattern",sarcastic
"Wah kya system hai, kaam slow but sure… kab pata nahi",sarcastic
"Matlab sab under control hai, bas log tension le rahe",sarcastic
"Kya leadership hai, problem ka explanation ready",sarcastic
"Wah kya governance hai, result ka suspense",sarcastic
"Sab sorted hai, bas solution missing",sarcastic
"Kya baat hai, har issue ka delay fixed",sarcastic
"Wah kya planning hai, ground pe experiment",sarcastic
"Matlab sab progress hai, bas dikhta nahi",sarcastic
"Kya system hai, kaam ka timing random",sarcastic
"Wah kya speed hai, kaam ka buffering",sarcastic
"Sab acha hai, bas ground pe issue",sarcastic
"Kya baat hai, excuses ka stock full",sarcastic
"Wah kya execution hai, kaam ka wait",sarcastic
"Matlab sab improve ho raha hai, bas feel nahi",sarcastic
"Kya governance hai, output ka delay",sarcastic
"Wah kya leadership hai, explanation master",sarcastic
"Sab perfect hai, bas reality nahi",sarcastic
"Kya baat hai, priorities confusing",sarcastic
"Wah kya system hai, kaam ka patience test",sarcastic
"Matlab sab control mein hai, bas system nahi",sarcastic
"Kya leadership hai, blame ka management top",sarcastic
"Wah kya governance hai, ground zero",sarcastic
"Sab smooth hai, bas execution rough",sarcastic
"Kya baat hai, har baar naya reason",sarcastic
"Wah kya planning hai, kaam ka wait",sarcastic
"Matlab sab sorted hai, bas result nahi",sarcastic
"Kya system hai, kaam ka delay normal",sarcastic
"Wah kya progress hai, invisible mode",sarcastic
"Sab stable hai, bas output unstable",sarcastic
"Kya baat hai, excuses hi solution",sarcastic
"Wah kya execution hai, kaam ka pause",sarcastic
"Matlab sab development hai, bas dikh nahi raha",sarcastic
"Kya governance hai, announcements heavy",sarcastic
"Wah kya leadership hai, explanation strong",sarcastic
"Sab control mein hai, bas situation free",sarcastic
"Kya baat hai, priorities mismatch",sarcastic
"Wah kya planning hai, ground pe confusion",sarcastic
"Matlab sab progress hai, bas feel nahi hota",sarcastic
"Kya system hai, kaam ka trust low",sarcastic
"Wah kya speed hai, kaam ka delay fixed",sarcastic
"Sab acha hai, bas result nahi",sarcastic
"Kya baat hai, excuses unlimited",sarcastic
"Wah kya execution hai, kaam ka suspense",sarcastic
"Matlab sab sorted hai, bas clarity missing",sarcastic
"Kya governance hai, output ka wait",sarcastic
"Wah kya leadership hai, blame ready",sarcastic
"Sab perfect hai, bas ground pe nahi",sarcastic
"Kya baat hai, priorities unclear",sarcastic
"Wah kya system hai, kaam ka break",sarcastic
"Matlab sab development hai, bas proof nahi",sarcastic
"Kya leadership hai, explanation heavy",sarcastic
"Wah kya governance hai, ground zero",sarcastic
"Sab smooth hai, bas kaam nahi",sarcastic
"Kya baat hai, har baar same story",sarcastic
"Wah kya planning hai, execution missing",sarcastic
"Matlab sab progress hai, bas reverse",sarcastic
"Kya system hai, kaam ka delay fixed",sarcastic
"Wah kya speed hai, kaam ka buffering",sarcastic
"Sab acha hai, bas ground pe nahi",sarcastic
"Kya baat hai, excuses hi growth",sarcastic
"Wah kya execution hai, kaam ka wait",sarcastic
"Matlab sab sorted hai, bas solution nahi",sarcastic
"Kya governance hai, result ka suspense",sarcastic
"Wah kya leadership hai, blame shifting pro",sarcastic
"Sab perfect hai, bas reality nahi",sarcastic
"Kya baat hai, priorities random",sarcastic
"Wah kya system hai, kaam ka pause",sarcastic
"Matlab sab development hai, bas feel nahi",sarcastic
"Kya leadership hai, explanation always ready",sarcastic
"Wah kya governance hai, output missing",sarcastic
"Sab control mein hai, bas system nahi",sarcastic
"Kya baat hai, excuses ka overflow",sarcastic
"Wah kya execution hai, kaam ka break",sarcastic
"Matlab sab sorted hai, bas clarity nahi",sarcastic
"Kya system hai, kaam ka trust missing",sarcastic
"Wah kya speed hai, kaam ka delay",sarcastic
"Sab acha hai, bas result nahi",sarcastic
"Kya baat hai, har baar same answer",sarcastic
"Wah kya planning hai, ground pe confusion",sarcastic
"Matlab sab progress hai, bas invisible",sarcastic
"Kya governance hai, output ka wait hi wait",sarcastic
Aapka kaam hamesha impactful hota hai,non-sarcastic
Yeh initiative kaafi achha lag raha hai,non-sarcastic
Aapka effort clearly dikh raha hai,non-sarcastic
Bahut thoughtful post hai,non-sarcastic
Aapne achhi baat raise ki hai,non-sarcastic
Yeh topic discuss hona zaroori hai,non-sarcastic
Aapka perspective kaafi interesting hai,non-sarcastic
Achha laga yeh dekh ke,non-sarcastic
Aap consistently kaam kar rahe ho,non-sarcastic
Yeh update informative hai,non-sarcastic
Aapki baat mein clarity hai,non-sarcastic
Yeh step positive lag raha hai,non-sarcastic
Aapne achha direction choose kiya hai,non-sarcastic
Isse logon ko fayda hoga,non-sarcastic
Aapka approach practical lagta hai,non-sarcastic
Yeh kaam ground pe bhi dikhega,non-sarcastic
Aapka vision clear hai,non-sarcastic
Achha laga aapko isme involved dekh ke,non-sarcastic
Yeh ek strong message hai,non-sarcastic
Aapne important issue uthaya hai,non-sarcastic
Yeh kaafi relevant hai aaj ke time mein,non-sarcastic
Aapka contribution noticeable hai,non-sarcastic
Isse awareness badhegi,non-sarcastic
Aapka dedication inspire karta hai,non-sarcastic
Yeh kaam long term mein useful hoga,non-sarcastic
Aapka focus sahi jagah pe hai,non-sarcastic
Yeh ek meaningful step hai,non-sarcastic
Aapki consistency appreciate karne layak hai,non-sarcastic
Yeh post kaafi engaging hai,non-sarcastic
Aapka kaam logon tak pahunch raha hai,non-sarcastic
Achha laga aapka effort dekh ke,non-sarcastic
Yeh ek achhi initiative lag rahi hai,non-sarcastic
Aapne simple tareeke se explain kiya hai,non-sarcastic
Isse log connect kar pa rahe hain,non-sarcastic
Aapka kaam steadily grow kar raha hai,non-sarcastic
Yeh ek achha example set karta hai,non-sarcastic
Aapki baat logical lagti hai,non-sarcastic
Yeh kaafi useful information hai,non-sarcastic
Aapka tone balanced hai,non-sarcastic
Yeh approach sustainable lagti hai,non-sarcastic
Aapka kaam structured hai,non-sarcastic
Yeh effort appreciate karne layak hai,non-sarcastic
Aapne achhi clarity di hai,non-sarcastic
Yeh ek strong initiative hai,non-sarcastic
Aapka work ethic impressive hai,non-sarcastic
Yeh content informative hai,non-sarcastic
Aapka focus clear hai,non-sarcastic
Yeh kaafi relevant update hai,non-sarcastic
Aapka kaam direction mein hai,non-sarcastic
Yeh ek achha example hai,non-sarcastic
Aapka effort visible hai,non-sarcastic
Yeh kaafi positive step hai,non-sarcastic
Aapka kaam logon ko help karega,non-sarcastic
Yeh ek thoughtful decision hai,non-sarcastic
Aapne isko achhe se present kiya hai,non-sarcastic
Yeh approach realistic lagti hai,non-sarcastic
Aapka kaam impactful lag raha hai,non-sarcastic
Yeh ek balanced view hai,non-sarcastic
Aapka perspective valuable hai,non-sarcastic
Yeh kaafi engaging discussion hai,non-sarcastic
Aapka kaam trust build karta hai,non-sarcastic
Yeh ek achha initiative lag raha hai,non-sarcastic
Aapne kaafi achha explain kiya hai,non-sarcastic
Yeh ek meaningful effort hai,non-sarcastic
Aapka kaam consistent hai,non-sarcastic
Yeh ek strong foundation lagti hai,non-sarcastic
Aapka approach practical hai,non-sarcastic
Yeh kaafi helpful lag raha hai,non-sarcastic
Aapne relevant points raise kiye hain,non-sarcastic
Yeh ek achha direction hai,non-sarcastic
Aapka kaam noticeable hai,non-sarcastic
Yeh kaafi thoughtful lagta hai,non-sarcastic
Aapka effort genuine lagta hai,non-sarcastic
Yeh ek achhi progress hai,non-sarcastic
Aapka kaam clarity deta hai,non-sarcastic
Yeh kaafi useful discussion hai,non-sarcastic
Aapka approach grounded hai,non-sarcastic
Yeh ek positive change hai,non-sarcastic
Aapka kaam inspire karta hai,non-sarcastic
Yeh ek important message hai,non-sarcastic
Aapne isko simple rakha hai,non-sarcastic
Yeh kaafi clear explanation hai,non-sarcastic
Aapka kaam valuable hai,non-sarcastic
Yeh ek practical step hai,non-sarcastic
Aapka effort long term mein dikhega,non-sarcastic
Yeh kaafi relevant lagta hai,non-sarcastic
Aapka kaam meaningful hai,non-sarcastic
Yeh ek achha contribution hai,non-sarcastic
Aapka approach stable hai,non-sarcastic
Yeh kaafi strong message hai,non-sarcastic
Aapka kaam consistent lagta hai,non-sarcastic
Yeh ek clear direction hai,non-sarcastic
Aapne achhi insight di hai,non-sarcastic
Yeh kaafi informative lagta hai,non-sarcastic
Aapka kaam helpful hai,non-sarcastic
Yeh ek balanced effort hai,non-sarcastic
Aapka perspective samajhne layak hai,non-sarcastic
Yeh kaafi engaging hai,non-sarcastic
Aapka kaam structured lagta hai,non-sarcastic
Yeh ek thoughtful post hai,non-sarcastic
Aapne important cheez highlight ki hai,non-sarcastic
Yeh kaafi achha initiative lagta hai,non-sarcastic
Aapka kaam consistent direction mein hai,non-sarcastic
Yeh ek practical solution lagta hai,non-sarcastic
Aapka effort noticeable hai,non-sarcastic
Yeh kaafi clear approach hai,non-sarcastic
Aapka kaam logon tak reach kar raha hai,non-sarcastic
Yeh ek strong effort hai,non-sarcastic
Aapka perspective kaafi grounded hai,non-sarcastic
Yeh kaafi relevant point hai,non-sarcastic
Aapka kaam impactful lagta hai,non-sarcastic
Yeh ek meaningful discussion hai,non-sarcastic
Aapne achhi clarity maintain ki hai,non-sarcastic
Yeh kaafi useful content hai,non-sarcastic
Aapka kaam trust build karta hai,non-sarcastic
Yeh ek achha direction hai,non-sarcastic
Aapka effort consistent hai,non-sarcastic
Yeh kaafi engaging lagta hai,non-sarcastic
Aapka kaam structured hai,non-sarcastic
Yeh ek thoughtful approach hai,non-sarcastic
Aapka perspective valuable lagta hai,non-sarcastic
Yeh kaafi practical lagta hai,non-sarcastic
Aapka kaam noticeable hai,non-sarcastic
Yeh ek strong message deta hai,non-sarcastic
Aapka effort meaningful hai,non-sarcastic
Yeh kaafi clear explanation hai,non-sarcastic
Aapka kaam long term useful hoga,non-sarcastic
Yeh ek balanced view hai,non-sarcastic
Aapka approach stable lagta hai,non-sarcastic
Yeh kaafi relevant discussion hai,non-sarcastic
Aapka kaam consistent lagta hai,non-sarcastic
Yeh ek positive effort hai,non-sarcastic
Aapka perspective samajhne layak hai,non-sarcastic
Yeh kaafi informative hai,non-sarcastic
Aapka kaam impactful hai,non-sarcastic
Yeh ek achha initiative hai,non-sarcastic
Aapka effort visible hai,non-sarcastic
Yeh kaafi thoughtful hai,non-sarcastic
Aapka kaam structured lagta hai,non-sarcastic
Yeh ek clear direction hai,non-sarcastic
Aapka perspective grounded hai,non-sarcastic
Yeh kaafi useful lagta hai,non-sarcastic
Aapka kaam meaningful hai,non-sarcastic
Yeh ek practical approach hai,non-sarcastic
Aapka effort consistent hai,non-sarcastic
Yeh kaafi engaging hai,non-sarcastic
Aapka kaam helpful lagta hai,non-sarcastic
Yeh ek balanced step hai,non-sarcastic
Aapka perspective valuable hai,non-sarcastic
Yeh kaafi relevant lagta hai,non-sarcastic
Aapka kaam noticeable hai,non-sarcastic
Yeh ek strong initiative hai,non-sarcastic
Aapka effort genuine lagta hai,non-sarcastic
Yeh kaafi clear message hai,non-sarcastic
Aapka kaam impactful hai,non-sarcastic
Yeh ek thoughtful effort hai,non-sarcastic
Aapka perspective stable hai,non-sarcastic
Yeh kaafi useful discussion hai,non-sarcastic
Aapka kaam consistent lagta hai,non-sarcastic
Yeh ek meaningful step hai,non-sarcastic
Aapka effort visible hai,non-sarcastic
Yeh kaafi practical lagta hai,non-sarcastic
Aapka kaam helpful hai,non-sarcastic
Yeh ek balanced approach hai,non-sarcastic
Aapka perspective grounded hai,non-sarcastic
Yeh kaafi informative lagta hai,non-sarcastic
Aapka kaam structured hai,non-sarcastic
Yeh ek clear explanation hai,non-sarcastic
Aapka effort consistent hai,non-sarcastic
Yeh kaafi engaging lagta hai,non-sarcastic
Aapka kaam impactful hai,non-sarcastic
Yeh ek thoughtful discussion hai,non-sarcastic
Aapka perspective valuable hai,non-sarcastic
Yeh kaafi useful lagta hai,non-sarcastic
Aapka kaam meaningful hai,non-sarcastic
Yeh ek practical effort hai,non-sarcastic
Aapka effort noticeable hai,non-sarcastic
Yeh kaafi relevant lagta hai,non-sarcastic
Aapka kaam helpful hai,non-sarcastic
Yeh ek balanced discussion hai,non-sarcastic
Aapka perspective clear hai,non-sarcastic
Yeh kaafi informative hai,non-sarcastic
Aapka kaam consistent hai,non-sarcastic
Yeh ek strong message hai,non-sarcastic
Aapka effort visible hai,non-sarcastic
Yeh kaafi thoughtful lagta hai,non-sarcastic
Aapka kaam structured hai,non-sarcastic
Yeh ek clear direction hai,non-sarcastic
Aapka perspective grounded hai,non-sarcastic
Yeh kaafi useful lagta hai,non-sarcastic
Aapka kaam meaningful hai,non-sarcastic
Yeh ek practical approach hai,non-sarcastic
Aapka effort consistent hai,non-sarcastic
Yeh kaafi engaging lagta hai,non-sarcastic
Aapka kaam helpful hai,non-sarcastic
Yeh ek balanced effort hai,non-sarcastic
Aapka perspective valuable hai,non-sarcastic
Yeh kaafi relevant lagta hai,non-sarcastic
Aapka kaam noticeable hai,non-sarcastic
Yeh ek strong initiative hai,non-sarcastic
"Haan bilkul, aapka struggle toh syllabus mein add hona chahiye",sarcastic
Itna struggle sunke lag raha hai UPSC optional subject hai,sarcastic
Matlab aapne toh literally jung jeet li,sarcastic
Aapki life pe motivational seminar hona chahiye,sarcastic
"Yeh struggle nahi, legend story hai",sarcastic
Itna struggle toh WiFi reconnect karne mein nahi hota,sarcastic
Matlab aapne sab kuch bina kisi help ke kiya obviously,sarcastic
Aapka struggle sunke log apni job chhod denge,sarcastic
Yeh struggle Guinness World Record deserve karta hai,sarcastic
Aapka journey sunke lagta hai Everest chadh liya,sarcastic
Matlab industry ne aapko force kiya entry lene ke liye,sarcastic
Aapka struggle sunke Google bhi confused hai,sarcastic
Itna struggle toh login password yaad karne mein hota hai,sarcastic
Matlab aap literally zero se start hue the na,sarcastic
Aapki story pe school project banega,sarcastic
Yeh struggle sunke history rewrite karni padegi,sarcastic
Matlab sab doors band the aur phir bhi entry mil gayi,sarcastic
Aapka struggle sunke privilege bhi sharminda hai,sarcastic
Itna struggle toh remote dhundhne mein hota hai,sarcastic
Matlab aapne industry ko khud discover kiya,sarcastic
Aapka journey sunke logic ne resign kar diya,sarcastic
Yeh struggle sunke lagta hai duniya unfair hai aapke saath,sarcastic
"Matlab sab kuch against tha, phir bhi aap hero nikle",sarcastic
Aapki life pe biopic aani chahiye urgent,sarcastic
Yeh struggle sunke log ro denge… ya has denge,sarcastic
Matlab koi backup plan bhi nahi tha na,sarcastic
Aapka struggle sunke dictionary update karni padegi,sarcastic
Itna struggle toh alarm snooze karne mein hota hai,sarcastic
Matlab aapko khud hi audition dhoondna pada,sarcastic
Aapka journey sunke suspense movie yaad aa gayi,sarcastic
Yeh struggle sunke reality ko break mil gaya,sarcastic
Matlab aapne khud hi contacts banaye honge obviously,sarcastic
Aapka struggle sunke internet slow ho gaya,sarcastic
Itna struggle toh chai banane mein bhi nahi hota,sarcastic
Matlab sab kuch coincidence tha na,sarcastic
Aapki story sunke log confuse ho gaye,sarcastic
Yeh struggle sunke sarcasm bhi confuse hai,sarcastic
Matlab aapne khud hi sab doors knock kiye,sarcastic
Aapka journey sunke dimaag hang ho gaya,sarcastic
Yeh struggle sunke expectations reset ho gaye,sarcastic
Matlab aapne khud hi script likh ke entry li,sarcastic
Aapka struggle sunke log reality check kar rahe,sarcastic
Itna struggle toh traffic cross karne mein hota hai,sarcastic
Matlab koi recommendation nahi tha bilkul,sarcastic
Aapka journey sunke log speechless hain,sarcastic
Yeh struggle sunke sabko clarity mil gayi,sarcastic
Matlab aap literally outsider ho,sarcastic
Aapka struggle sunke irony bhi ro rahi hai,sarcastic
Itna struggle toh phone charge karne mein hota hai,sarcastic
Matlab sab kuch luck tha obviously,sarcastic
Aapki story sunke log rethink kar rahe life,sarcastic
Yeh struggle sunke timeline hil gayi,sarcastic
Matlab aapne khud hi industry ko impress kiya,sarcastic
Aapka journey sunke disbelief aa gaya,sarcastic
Yeh struggle sunke facts chhup gaye,sarcastic
Matlab aapne khud hi sab manage kiya,sarcastic
Aapka struggle sunke memes ready ho gaye,sarcastic
Itna struggle toh OTP wait karne mein hota hai,sarcastic
Matlab koi push nahi mila na,sarcastic
Aapka journey sunke log kaafi enlighten ho gaye,sarcastic
Yeh struggle sunke definition hi badal gayi,sarcastic
Matlab aapne khud hi sab doors open kiye,sarcastic
Aapka struggle sunke logic off ho gaya,sarcastic
Itna struggle toh Netflix choose karne mein hota hai,sarcastic
Matlab aapne khud hi sab earn kiya,sarcastic
Aapka journey sunke log clap kar rahe… thoda slow,sarcastic
Yeh struggle sunke sabko realization hua,sarcastic
Matlab sab kuch aapke against tha clearly,sarcastic
Aapka struggle sunke irony peak pe hai,sarcastic
Itna struggle toh earphones untangle karne mein hota hai,sarcastic
Matlab aapne khud hi industry mein jagah banayi,sarcastic
Aapka journey sunke log overthink kar rahe,sarcastic
Yeh struggle sunke sabko naya angle mila,sarcastic
Matlab koi influence nahi tha bilkul,sarcastic
Aapka struggle sunke sarcasm bhi thak gaya,sarcastic
Itna struggle toh charger dhundhne mein hota hai,sarcastic
Matlab aapne khud hi sab setup kiya,sarcastic
Aapka journey sunke log silent ho gaye,sarcastic
Yeh struggle sunke sabko clarity aa gayi,sarcastic
Matlab sab kuch random tha,sarcastic
Aapka struggle sunke disbelief hi disbelief hai,sarcastic
Itna struggle toh online order cancel karne mein hota hai,sarcastic
Matlab aapne khud hi sab plan kiya,sarcastic
Aapka journey sunke log amazed hain,sarcastic
Yeh struggle sunke sabko answer mil gaya,sarcastic
Matlab aapne khud hi sab achieve kiya,sarcastic
Aapka struggle sunke irony overload ho gaya,sarcastic
Itna struggle toh password reset mein hota hai,sarcastic
Matlab koi support system nahi tha na,sarcastic
Aapka journey sunke log inspired ho gaye… alag way mein,sarcastic
Yeh struggle sunke sabko new perspective mila,sarcastic
Matlab aapne khud hi sab build kiya,sarcastic
Aapka struggle sunke logic ne break le liya,sarcastic
Itna struggle toh auto milne mein hota hai,sarcastic
Matlab sab kuch coincidence hi tha,sarcastic
Aapka journey sunke log confused smile de rahe,sarcastic
Yeh struggle sunke sabko reality samajh aayi,sarcastic
Matlab aapne khud hi sab crack kiya,sarcastic
Aapka struggle sunke irony bhi clap kar rahi,sarcastic
Itna struggle toh morning alarm se uthne mein hota hai,sarcastic
"Haan yaar, aapka struggle sunke struggle word retire ho gaya",sarcastic
Matlab aapne toh literally system hack kar diya,sarcastic
Aapka struggle sunke lagta hai life unfair sirf aapke saath thi,sarcastic
Itna struggle toh elevator ka wait karne mein hota hai,sarcastic
Matlab aapko entry ke liye convince karna pada hoga sabko,sarcastic
Aapka journey sunke lagta hai sab kuch against tha except reality,sarcastic
Yeh struggle sunke dictionary ne bhi update maanga,sarcastic
Matlab aapne khud hi apni pehchaan banayi bina kisi help ke,sarcastic
Aapka struggle sunke log apni problems reconsider kar rahe,sarcastic
Itna struggle toh buffering video mein hota hai,sarcastic
Matlab aapko khud hi apna surname banana pada,sarcastic
Aapka journey sunke lagta hai destiny bhi confused thi,sarcastic
Yeh struggle sunke irony bhi silent ho gayi,sarcastic
"Matlab sab kuch coincidence tha, bas coincidence hi strong tha",sarcastic
Aapka struggle sunke logon ka sense of humor activate ho gaya,sarcastic
Itna struggle toh cab cancel hone mein hota hai,sarcastic
Matlab aapko khud hi sab discover karna pada,sarcastic
Aapka journey sunke lagta hai script writer strong hai,sarcastic
Yeh struggle sunke facts bhi side ho gaye,sarcastic
Matlab aap literally unknown the industry ke liye,sarcastic
Aapka struggle sunke log “wow” bol ke soch rahe hain,sarcastic
Itna struggle toh fridge khol ke kuch na milne mein hota hai,sarcastic
Matlab aapko pehchaan banane mein bohot time laga hoga,sarcastic
Aapka journey sunke lagta hai sab kuch organic tha,sarcastic
Yeh struggle sunke realism leave le gaya,sarcastic
Matlab aapko khud hi contacts banana pade honge,sarcastic
Aapka struggle sunke logic thoda rest pe hai,sarcastic
Itna struggle toh playlist choose karne mein hota hai,sarcastic
Matlab sab kuch random hi tha na,sarcastic
Aapka journey sunke lagta hai sab kuch destiny ka game tha,sarcastic
Yeh struggle sunke narrative khud confuse hai,sarcastic
Matlab aapne khud hi industry mein knock kiya,sarcastic
Aapka struggle sunke log thoda zyada hi samajh gaye,sarcastic
Itna struggle toh socks pair dhundhne mein hota hai,sarcastic
Matlab aapko koi guide nahi mila bilkul,sarcastic
Aapka journey sunke lagta hai coincidence ka power strong hai,sarcastic
Yeh struggle sunke reality ko break chahiye,sarcastic
Matlab aapne khud hi sab setup kiya from scratch,sarcastic
Aapka struggle sunke sarcasm bhi clap kar raha,sarcastic
Itna struggle toh phone unlock na hone mein hota hai,sarcastic
Matlab aap literally outsider feel karte the,sarcastic
Aapka journey sunke lagta hai sab kuch unpredictable tha,sarcastic
Yeh struggle sunke logic slow ho gaya,sarcastic
Matlab aapko khud hi audition line dhundni padi,sarcastic
Aapka struggle sunke sabko naya definition mila,sarcastic
Itna struggle toh charger loose hone mein hota hai,sarcastic
Matlab aapne khud hi sab manage kiya bina kisi push ke,sarcastic
Aapka journey sunke lagta hai sab kuch coincidence hi coincidence,sarcastic
Yeh struggle sunke narrative overload ho gaya,sarcastic
Matlab aapko sab kuch khud prove karna pada,sarcastic
Aapka struggle sunke log silent smile de rahe,sarcastic
Itna struggle toh internet lag hone mein hota hai,sarcastic
Matlab aap literally unnoticed the initially,sarcastic
Aapka journey sunke lagta hai sab kuch unexpected tha,sarcastic
Yeh struggle sunke facts bhi confused hain,sarcastic
Matlab aapne khud hi sab plan kiya without support,sarcastic
Aapka struggle sunke irony ko bhi break chahiye,sarcastic
Itna struggle toh auto wale se deal karne mein hota hai,sarcastic
Matlab aapko sab kuch earn karna pada,sarcastic
Aapka journey sunke lagta hai sab kuch natural flow tha,sarcastic
Yeh struggle sunke sabko deep thought aa gaya,sarcastic
Matlab aap literally khud ke dum pe aaye,sarcastic
Aapka struggle sunke logic ne switch off kar diya,sarcastic
Itna struggle toh OTP resend karne mein hota hai,sarcastic
Matlab aapko khud hi sab approach karna pada,sarcastic
Aapka journey sunke lagta hai sab kuch underdog story hai,sarcastic
Yeh struggle sunke irony peak pe hai,sarcastic
Matlab aapne khud hi sab doors unlock kiye,sarcastic
Aapka struggle sunke log thoda zyada samajhdar ho gaye,sarcastic
Itna struggle toh alarm ignore karne mein hota hai,sarcastic
Matlab aapko sab kuch khud prove karna pada bina backup,sarcastic
Aapka journey sunke lagta hai sab kuch against tha except reality,sarcastic
Yeh struggle sunke sarcasm bhi appreciate kar raha,sarcastic
Matlab aapne khud hi sab create kiya,sarcastic
Aapka struggle sunke disbelief stable hai,sarcastic
Itna struggle toh AC remote dhundhne mein hota hai,sarcastic
Matlab aapko kisi ne notice hi nahi kiya pehle,sarcastic
Aapka journey sunke lagta hai sab kuch sudden tha,sarcastic
Yeh struggle sunke logic ko holiday chahiye,sarcastic
Matlab aapne khud hi sab grind kiya,sarcastic
Aapka struggle sunke log quietly judge kar rahe,sarcastic
Itna struggle toh lift band hone pe stairs lene mein hota hai,sarcastic
Matlab aapko khud hi sab reach out karna pada,sarcastic
Aapka journey sunke lagta hai sab kuch luck tha… strong luck,sarcastic
Yeh struggle sunke narrative heavy ho gaya,sarcastic
Matlab aapne khud hi sab establish kiya,sarcastic
Aapka struggle sunke irony ko medal milna chahiye,sarcastic
Itna struggle toh wrong number dial hone mein hota hai,sarcastic
Matlab aap literally unnoticed genius the,sarcastic
Aapka journey sunke lagta hai sab kuch miracle tha,sarcastic
Yeh struggle sunke reality side ho gayi,sarcastic
Matlab aapko khud hi sab chase karna pada,sarcastic
Aapka struggle sunke log thoda zyada hi aware ho gaye,sarcastic
Itna struggle toh food order late hone mein hota hai,sarcastic
Matlab aapne khud hi sab build kiya bina network ke,sarcastic
Aapka journey sunke lagta hai sab kuch coincidence tha,sarcastic
Yeh struggle sunke logic ko reboot chahiye,sarcastic
Matlab aap literally khud hi brand ban gaye,sarcastic
Aapka struggle sunke irony bhi proud feel kar rahi,sarcastic
Itna struggle toh queue mein khade rehne mein hota hai,sarcastic
Har kisi ki journey alag hoti hai,non-sarcastic
Sabka struggle apni jagah real hota hai,non-sarcastic
Aapne jo feel kiya woh important hai,non-sarcastic
Har insaan ka perspective different hota hai,non-sarcastic
"Aap apni journey share kar rahe ho, that matters",non-sarcastic
Logon ko samajhna chahiye ki experiences vary karte hain,non-sarcastic
Aapka point of view valid hai,non-sarcastic
Har kisi ka starting point same nahi hota,non-sarcastic
Aapne honestly apni baat rakhi hai,non-sarcastic
Logon ko judge karne se pehle samajhna chahiye,non-sarcastic
Sabke challenges alag hote hain,non-sarcastic
Aapne jo bola woh aapke experience se aaya hai,non-sarcastic
Har journey mein ups and downs hote hain,non-sarcastic
Aapka experience bhi ek reality hai,non-sarcastic
Logon ko empathy rakhni chahiye,non-sarcastic
"Aap apni side explain kar rahe ho, that’s fair",non-sarcastic
Har kisi ka struggle compare nahi kiya ja sakta,non-sarcastic
Aapka effort bhi matter karta hai,non-sarcastic
Sabke liye success ka path alag hota hai,non-sarcastic
Aap apni journey own kar rahe ho,non-sarcastic
Logon ko thoda balanced view rakhna chahiye,non-sarcastic
Aapne jo feel kiya woh aapke liye real hai,non-sarcastic
Har insaan apne level pe try karta hai,non-sarcastic
Aapka experience dismiss nahi karna chahiye,non-sarcastic
Sabko apni baat rakhne ka right hai,non-sarcastic
Aapka perspective samajhne layak hai,non-sarcastic
Har journey mein pressure hota hai,non-sarcastic
Aapne apni story openly share ki,non-sarcastic
Logon ko respectfully disagree karna chahiye,non-sarcastic
Aapka experience bhi ek part hai industry ka,non-sarcastic
Har insaan ko apni struggles hoti hain,non-sarcastic
Aap apna truth bol rahe ho,non-sarcastic
Logon ko har angle se dekhna chahiye,non-sarcastic
Aapka point valid ho sakta hai,non-sarcastic
Sabka background different hota hai,non-sarcastic
Aap apni side clear kar rahe ho,non-sarcastic
Har kisi ka journey unique hota hai,non-sarcastic
Aapka experience bhi important hai,non-sarcastic
Logon ko comparison avoid karna chahiye,non-sarcastic
Aapne jo bola woh honest lagta hai,non-sarcastic
Har struggle visible nahi hota,non-sarcastic
Aap apni reality share kar rahe ho,non-sarcastic
Sabka experience respect karna chahiye,non-sarcastic
Aapka point samajhne ki zarurat hai,non-sarcastic
Har kisi ke challenges alag hote hain,non-sarcastic
Aap apni journey explain kar rahe ho,non-sarcastic
Logon ko sunna bhi chahiye,non-sarcastic
Aapka perspective dismiss nahi karna chahiye,non-sarcastic
Har insaan apni jagah try karta hai,non-sarcastic
Aapka experience bhi matter karta hai,non-sarcastic
Har kisi ki story different hoti hai,non-sarcastic
Aap apni baat clearly rakh rahe ho,non-sarcastic
Logon ko context samajhna chahiye,non-sarcastic
Aapka view ek angle dikhata hai,non-sarcastic
Har journey mein effort hota hai,non-sarcastic
Aap apni side share kar rahe ho,non-sarcastic
Logon ko empathy dikhani chahiye,non-sarcastic
Aapka experience bhi valid hai,non-sarcastic
Har struggle same nahi hota,non-sarcastic
Aap apni journey own kar rahe ho,non-sarcastic
Logon ko respectfully react karna chahiye,non-sarcastic
Aapka point samajhna zaroori hai,non-sarcastic
Har insaan ka path alag hota hai,non-sarcastic
Aap apni reality batane ki koshish kar rahe ho,non-sarcastic
Logon ko open mind rakhna chahiye,non-sarcastic
Aapka experience ek perspective hai,non-sarcastic
Har journey mein learning hoti hai,non-sarcastic
Aap apni baat honestly rakh rahe ho,non-sarcastic
Logon ko harsh judgement avoid karna chahiye,non-sarcastic
Aapka point sunna chahiye,non-sarcastic
Har insaan ka struggle define karna mushkil hai,non-sarcastic
Aap apni side explain kar rahe ho,non-sarcastic
Logon ko patience rakhna chahiye,non-sarcastic
Aapka experience bhi ek reality hai,non-sarcastic
Har journey ka importance hota hai,non-sarcastic
Aap apni journey share kar rahe ho,non-sarcastic
Logon ko respect dikhani chahiye,non-sarcastic
Aapka perspective meaningful hai,non-sarcastic
Har struggle ka context hota hai,non-sarcastic
Aap apni baat openly bol rahe ho,non-sarcastic
Logon ko samajhne ki koshish karni chahiye,non-sarcastic
Aapka experience bhi ek part hai conversation ka,non-sarcastic
Har journey compare nahi hoti,non-sarcastic
Aap apni story bata rahe ho,non-sarcastic
Logon ko balanced view rakhna chahiye,non-sarcastic
Aapka perspective samajhna zaroori hai,non-sarcastic
Har insaan apne level pe kaam karta hai,non-sarcastic
Aap apni reality share kar rahe ho,non-sarcastic
Logon ko fair rehna chahiye,non-sarcastic
Aapka experience bhi valuable hai,non-sarcastic
Har journey ka apna significance hota hai,non-sarcastic
Aap apni side calmly rakh rahe ho,non-sarcastic
Logon ko react karne se pehle sochna chahiye,non-sarcastic
Aapka point consider karna chahiye,non-sarcastic
Har struggle ka apna context hota hai,non-sarcastic
Aap apni journey explain kar rahe ho,non-sarcastic
Logon ko empathy rakhni chahiye,non-sarcastic
Aapka experience bhi sunna chahiye,non-sarcastic
Har insaan apni jagah try karta hai,non-sarcastic
Aap apni story honestly share kar rahe ho,non-sarcastic
Logon ko harsh judgement se bachna chahiye,non-sarcastic
Aapka perspective ek angle deta hai,non-sarcastic
Har journey ka apna path hota hai,non-sarcastic
Aap apni side clear kar rahe ho,non-sarcastic
Logon ko open discussion karna chahiye,non-sarcastic
Aapka experience bhi important hai,non-sarcastic
Har struggle ka apna meaning hota hai,non-sarcastic
Aap apni reality share kar rahe ho,non-sarcastic
Logon ko respectfully baat karni chahiye,non-sarcastic
Aapka point samajhna chahiye,non-sarcastic
Har journey ka respect hona chahiye,non-sarcastic
Aap apni baat calmly rakh rahe ho,non-sarcastic
Logon ko comparison avoid karna chahiye,non-sarcastic
Aapka experience bhi relevant hai,non-sarcastic
Har insaan ka perspective alag hota hai,non-sarcastic
Aap apni journey explain kar rahe ho,non-sarcastic
Logon ko balanced reaction dena chahiye,non-sarcastic
Aapka point valid lagta hai,non-sarcastic
Har struggle ka apna scale hota hai,non-sarcastic
Aap apni side honestly rakh rahe ho,non-sarcastic
Logon ko empathy dikhani chahiye,non-sarcastic
Aapka experience bhi ek truth hai,non-sarcastic
Har journey ka apna importance hota hai,non-sarcastic
Aap apni baat clearly rakh rahe ho,non-sarcastic
Logon ko patience se sunna chahiye,non-sarcastic
Aapka perspective meaningful hai,non-sarcastic
Har struggle ka context hota hai,non-sarcastic
Aap apni reality share kar rahe ho,non-sarcastic
Logon ko respectfully react karna chahiye,non-sarcastic
Aapka experience bhi matter karta hai,non-sarcastic
Har journey unique hoti hai,non-sarcastic
Aap apni story bata rahe ho,non-sarcastic
Logon ko open mind rakhna chahiye,non-sarcastic
Aapka point samajhna chahiye,non-sarcastic
Har struggle compare nahi hota,non-sarcastic
Aap apni side explain kar rahe ho,non-sarcastic
Logon ko empathy rakhni chahiye,non-sarcastic
Aapka experience bhi valid hai,non-sarcastic
Har journey ka apna path hota hai,non-sarcastic
Aap apni baat honestly rakh rahe ho,non-sarcastic
Logon ko balanced reaction dena chahiye,non-sarcastic
Aapka perspective samajhne layak hai,non-sarcastic
Har struggle ka apna context hota hai,non-sarcastic
Aap apni journey share kar rahe ho,non-sarcastic
Logon ko respect dikhani chahiye,non-sarcastic
Aapka experience bhi important hai,non-sarcastic
Har journey ka significance hota hai,non-sarcastic
Aap apni baat calmly rakh rahe ho,non-sarcastic
Logon ko samajhne ki koshish karni chahiye,non-sarcastic
Aapka point consider karna chahiye,non-sarcastic
Har struggle ka apna meaning hota hai,non-sarcastic
Aap apni side explain kar rahe ho,non-sarcastic
Logon ko empathy rakhni chahiye,non-sarcastic
Aapka experience bhi ek reality hai,non-sarcastic
Har journey ka apna importance hota hai,non-sarcastic
Aap apni baat clearly rakh rahe ho,non-sarcastic
Logon ko respectfully react karna chahiye,non-sarcastic
Aapka perspective meaningful hai,non-sarcastic
Har struggle ka context hota hai,non-sarcastic
Aap apni reality share kar rahe ho,non-sarcastic
Logon ko balanced view rakhna chahiye,non-sarcastic
Aapka experience bhi valid hai,non-sarcastic
Har journey unique hoti hai,non-sarcastic
Aap apni story bata rahe ho,non-sarcastic
Logon ko open mind rakhna chahiye,non-sarcastic
Aapka point samajhna chahiye,non-sarcastic
Har struggle compare nahi hota,non-sarcastic
Aap apni side explain kar rahe ho,non-sarcastic
Logon ko empathy rakhni chahiye,non-sarcastic
Aapka experience bhi relevant hai,non-sarcastic
Har journey ka apna path hota hai,non-sarcastic
Aap apni baat honestly rakh rahe ho,non-sarcastic
Logon ko balanced reaction dena chahiye,non-sarcastic
Aapka perspective samajhne layak hai,non-sarcastic
Har struggle ka apna context hota hai,non-sarcastic
Aap apni journey share kar rahe ho,non-sarcastic
Logon ko respect dikhani chahiye,non-sarcastic
Aapka experience bhi important hai,non-sarcastic
Har journey ka significance hota hai,non-sarcastic
Aap apni baat calmly rakh rahe ho,non-sarcastic
Logon ko samajhne ki koshish karni chahiye,non-sarcastic
Aapka point consider karna chahiye,non-sarcastic
Har struggle ka apna meaning hota hai,non-sarcastic
Aap apni side explain kar rahe ho,non-sarcastic
Logon ko empathy rakhni chahiye,non-sarcastic
Aapka experience bhi ek reality hai,non-sarcastic
Har journey ka apna importance hota hai,non-sarcastic
Aap apni baat clearly rakh rahe ho,non-sarcastic
Logon ko respectfully react karna chahiye,non-sarcastic
Aapka perspective meaningful hai,non-sarcastic
Har struggle ka context hota hai,non-sarcastic
Aap apni reality share kar rahe ho,non-sarcastic
Logon ko balanced view rakhna chahiye,non-sarcastic
Aapka experience bhi valid hai,non-sarcastic
Har journey unique hoti hai,non-sarcastic
Aap apni story bata rahe ho,non-sarcastic
Logon ko open mind rakhna chahiye,non-sarcastic
Aapka point samajhna chahiye,non-sarcastic
Har struggle compare nahi hota,non-sarcastic
Aap apni side explain kar rahe ho,non-sarcastic
"Wah kya controversy hai, TRP ka full jugaad",sarcastic
Matlab content kam tha toh controversy hi sahi,sarcastic
Yeh sab organic hai ya planned masterstroke,sarcastic
"Wah kya timing hai, promotion ka perfect tareeka",sarcastic
Matlab show se zyada drama interesting ho gaya,sarcastic
Yeh controversy bhi script ka part lag rahi hai,sarcastic
"Wah kya strategy hai, attention guaranteed",sarcastic
Matlab content se nahi toh controversy se hi sahi,sarcastic
Yeh sab coincidence hai ya marketing genius,sarcastic
Wah kya narrative build kiya hai,sarcastic
Matlab show ka naam hi kaafi nahi tha,sarcastic
Yeh controversy bhi entertainment package ka part hai,sarcastic
"Wah kya planning hai, sab calculated lag raha",sarcastic
Matlab audience ko engage karne ka naya tareeka,sarcastic
Yeh sab dekh ke lagta hai sab set hai,sarcastic
Wah kya publicity stunt hai,sarcastic
Matlab controversy hi main content hai,sarcastic
Yeh sab natural lag raha hai… thoda zyada hi,sarcastic
Wah kya buzz create kiya hai,sarcastic
Matlab show secondary ho gaya,sarcastic
Yeh controversy bhi ek episode hi lag rahi hai,sarcastic
"Wah kya hype hai, full power",sarcastic
Matlab sab kuch timing pe ho raha hai,sarcastic
Yeh sab dekh ke PR team proud hogi,sarcastic
"Wah kya execution hai, chaos bhi controlled",sarcastic
Matlab drama hi highlight ban gaya,sarcastic
Yeh controversy bhi brand building hai,sarcastic
Wah kya reach badhayi hai,sarcastic
Matlab sab kuch plan ke hisaab se chal raha hai,sarcastic
Yeh sab dekh ke lagta hai script strong hai,sarcastic
Wah kya engagement strategy hai,sarcastic
Matlab negativity bhi asset ban gayi,sarcastic
Yeh controversy bhi content hai,sarcastic
Wah kya smart move hai,sarcastic
Matlab show se zyada discussion controversy pe,sarcastic
Yeh sab organic lagta hai… thoda rehearsed,sarcastic
Wah kya hype generate kiya hai,sarcastic
Matlab sab kuch calculated lag raha,sarcastic
Yeh controversy bhi promotion ka part hai,sarcastic
Wah kya timing pakdi hai,sarcastic
Matlab jab content kaam na kare toh controversy kaam aati hai,sarcastic
Yeh sab dekh ke lagta hai audience hi experiment hai,sarcastic
Wah kya branding hai,sarcastic
Matlab controversy hi USP hai,sarcastic
Yeh sab dekh ke lagta hai sab scripted chaos hai,sarcastic
Wah kya audience engagement hai,sarcastic
Matlab sab kuch attention ke liye,sarcastic
Yeh controversy bhi trending tool hai,sarcastic
Wah kya reach badh rahi hai,sarcastic
Matlab show ka naam bhi yaad ho gaya sabko,sarcastic
Yeh sab dekh ke lagta hai PR team overtime pe hai,sarcastic
Wah kya smart controversy hai,sarcastic
Matlab negativity bhi monetize ho rahi,sarcastic
Yeh controversy bhi strategy lag rahi hai,sarcastic
"Wah kya buzz hai, har jagah discussion",sarcastic
Matlab content se zyada controversy ka impact,sarcastic
Yeh sab dekh ke lagta hai plan long term ka hai,sarcastic
Wah kya attention grab kiya hai,sarcastic
Matlab sab kuch viral hone ke liye,sarcastic
Yeh controversy bhi marketing hai,sarcastic
Wah kya game khela hai,sarcastic
Matlab sab kuch calculated lagta hai,sarcastic
Yeh sab dekh ke lagta hai audience predictable hai,sarcastic
Wah kya hype machine hai,sarcastic
Matlab controversy hi fuel hai,sarcastic
Yeh sab dekh ke lagta hai narrative control strong hai,sarcastic
Wah kya chaos create kiya hai,sarcastic
Matlab show se zyada controversy ka content,sarcastic
Yeh sab organic hai… bas thoda over-organic,sarcastic
Wah kya trend banaya hai,sarcastic
Matlab sab kuch views ke liye,sarcastic
Yeh controversy bhi engagement hack hai,sarcastic
"Wah kya planning hai, full coverage",sarcastic
Matlab drama hi product ban gaya,sarcastic
Yeh sab dekh ke lagta hai sab under control hai,sarcastic
"Wah kya reach hai, har platform pe",sarcastic
Matlab controversy hi brand hai,sarcastic
Yeh sab dekh ke lagta hai audience ko pata hai,sarcastic
Wah kya visibility hai,sarcastic
Matlab sab kuch attention economy ka game,sarcastic
Yeh controversy bhi asset ban gayi,sarcastic
Wah kya viral strategy hai,sarcastic
Matlab sab kuch intentional lagta hai,sarcastic
Yeh sab dekh ke lagta hai noise hi signal hai,sarcastic
Wah kya engagement spike hai,sarcastic
Matlab controversy hi marketing budget hai,sarcastic
Yeh sab dekh ke lagta hai sab scripted lag raha,sarcastic
"Wah kya content hai, controversy driven",sarcastic
Matlab sab kuch publicity ke liye,sarcastic
Yeh controversy bhi growth hack hai,sarcastic
Wah kya momentum hai,sarcastic
Matlab show se zyada debate,sarcastic
Yeh sab dekh ke lagta hai sab aware hai,sarcastic
Wah kya smart controversy hai,sarcastic
Matlab negativity bhi resource hai,sarcastic
Yeh sab dekh ke lagta hai chaos planned hai,sarcastic
Wah kya execution hai,sarcastic
Matlab sab kuch visibility ke liye,sarcastic
Yeh controversy bhi content cycle ka part hai,sarcastic
Wah kya buzz build kiya hai,sarcastic
Matlab audience ko engage karne ka naya tareeka,sarcastic
Yeh sab dekh ke lagta hai sab deliberate hai,sarcastic
Wah kya marketing hai,sarcastic
Matlab controversy hi highlight hai,sarcastic
Yeh sab dekh ke lagta hai sabko benefit ho raha,sarcastic
Wah kya hype maintain kiya hai,sarcastic
Matlab sab kuch trend pe depend hai,sarcastic
Yeh controversy bhi viral engine hai,sarcastic
Wah kya audience pull hai,sarcastic
Matlab sab kuch numbers ke liye,sarcastic
Yeh sab dekh ke lagta hai sab planned chaos hai,sarcastic
Wah kya brand recall hai,sarcastic
Matlab controversy hi promotion hai,sarcastic
Yeh sab dekh ke lagta hai sab strategy hai,sarcastic
Wah kya engagement hai,sarcastic
Matlab show secondary hi sahi,sarcastic
Yeh controversy bhi main storyline hai,sarcastic
Wah kya reach mil rahi hai,sarcastic
Matlab sab kuch eyeballs ke liye,sarcastic
Yeh sab dekh ke lagta hai sab experiment hai,sarcastic
Wah kya buzz create hua hai,sarcastic
Matlab controversy hi talking point hai,sarcastic
Yeh sab dekh ke lagta hai sab control mein hai,sarcastic
Wah kya timing hai,sarcastic
Matlab sab kuch virality ke liye,sarcastic
Yeh controversy bhi planned lagti hai,sarcastic
Wah kya noise create kiya hai,sarcastic
Matlab sab kuch content strategy hai,sarcastic
Yeh sab dekh ke lagta hai sabko pata hai,sarcastic
Wah kya attention mila hai,sarcastic
Matlab controversy hi traction hai,sarcastic
Yeh sab dekh ke lagta hai sab under plan hai,sarcastic
Wah kya audience reaction mila,sarcastic
Matlab sab kuch buzz ke liye,sarcastic
Yeh controversy bhi engagement ka tool hai,sarcastic
Wah kya reach gain ki hai,sarcastic
Matlab sab kuch visibility ke liye,sarcastic
Yeh sab dekh ke lagta hai sab curated hai,sarcastic
Wah kya hype maintain hai,sarcastic
Matlab controversy hi narrative hai,sarcastic
Yeh sab dekh ke lagta hai sab deliberate chaos hai,sarcastic
Wah kya growth hack hai,sarcastic
Matlab sab kuch attention capture karne ke liye,sarcastic
Yeh controversy bhi storyline hai,sarcastic
Wah kya presence bana li,sarcastic
Matlab sab kuch trending ke liye,sarcastic
Yeh sab dekh ke lagta hai sab scripted feel deta hai,sarcastic
Wah kya content hai,sarcastic
Matlab controversy hi engine hai,sarcastic
Yeh sab dekh ke lagta hai sab calculated hai,sarcastic
Wah kya engagement mil raha hai,sarcastic
Matlab sab kuch audience ke liye,sarcastic
Yeh controversy bhi highlight ban gayi,sarcastic
Wah kya buzz hai,sarcastic
Matlab sab kuch virality ka game,sarcastic
Yeh sab dekh ke lagta hai sab intentional hai,sarcastic
Wah kya coverage hai,sarcastic
Matlab controversy hi identity hai,sarcastic
Yeh sab dekh ke lagta hai sab narrative driven hai,sarcastic
Wah kya traction hai,sarcastic
Matlab sab kuch promotion ke liye,sarcastic
Yeh controversy bhi asset ban gayi,sarcastic
Wah kya attention grab kiya,sarcastic
Matlab sab kuch engagement ke liye,sarcastic
Yeh sab dekh ke lagta hai sab predictable hai,sarcastic
Wah kya strategy hai,sarcastic
Matlab controversy hi USP hai,sarcastic
Yeh sab dekh ke lagta hai sab experiment hai,sarcastic
Wah kya hype hai,sarcastic
Matlab sab kuch buzz ke liye,sarcastic
Yeh controversy bhi highlight hai,sarcastic
Wah kya viral moment hai,sarcastic
Matlab sab kuch narrative build kar raha,sarcastic
Yeh sab dekh ke lagta hai sab controlled hai,sarcastic
Wah kya reach hai,sarcastic
Matlab controversy hi growth hai,sarcastic
Yeh sab dekh ke lagta hai sab calculated risk hai,sarcastic
Wah kya impact hai,sarcastic
Matlab sab kuch engagement ke liye,sarcastic
Yeh controversy bhi content hai,sarcastic
Wah kya buzz create kiya,sarcastic
Matlab sab kuch virality driven hai,sarcastic
Yeh sab dekh ke lagta hai sab strategic hai,sarcastic
Wah kya attention hai,sarcastic
Matlab controversy hi spotlight hai,sarcastic
Yeh sab dekh ke lagta hai sab narrative heavy hai,sarcastic
Wah kya execution hai,sarcastic
Matlab sab kuch visibility ke liye,sarcastic
Yeh controversy bhi main act hai,sarcastic
Wah kya coverage hai,sarcastic
Matlab sab kuch numbers ke liye,sarcastic
Yeh sab dekh ke lagta hai sab hype hai,sarcastic
Wah kya traction mila,sarcastic
Matlab controversy hi content ban gayi,sarcastic
Yeh sab dekh ke lagta hai sab deliberate hai,sarcastic
Wah kya engagement hai,sarcastic
Matlab sab kuch trending ke liye,sarcastic
Yeh controversy bhi strategy hai,sarcastic
Wah kya buzz maintain hai,sarcastic
"Matlab show kam, controversy zyada strong hai",sarcastic
Yeh issue thoda serious lag raha hai,non-sarcastic
Comedy aur sensitivity ke beech balance zaroori hai,non-sarcastic
Har joke har audience ke liye nahi hota,non-sarcastic
Is topic pe thoda soch samajh ke bolna chahiye,non-sarcastic
Audience reaction bhi samajhna zaroori hai,non-sarcastic
Freedom of expression important hai par limits bhi hoti hain,non-sarcastic
Sabka perspective alag ho sakta hai,non-sarcastic
Yeh discussion hona zaroori hai,non-sarcastic
Content creators ko bhi responsibility leni chahiye,non-sarcastic
Har cheez humor ke naam pe justify nahi hoti,non-sarcastic
Audience ka feedback ignore nahi karna chahiye,non-sarcastic
Yeh controversy kuch important questions raise karti hai,non-sarcastic
"Comedy evolve ho rahi hai, par boundaries clear honi chahiye",non-sarcastic
Har insaan ka tolerance level alag hota hai,non-sarcastic
Isme dono sides ka point valid ho sakta hai,non-sarcastic
Reaction thoda expected bhi tha,non-sarcastic
Public platform pe bolte waqt awareness zaroori hai,non-sarcastic
Yeh situation thodi complex hai,non-sarcastic
Intent aur impact dono matter karte hain,non-sarcastic
Is topic pe calm discussion hona chahiye,non-sarcastic
Content creators ko audience samajhni chahiye,non-sarcastic
Yeh sirf comedy ka issue nahi hai,non-sarcastic
Sensitivity ko lightly nahi lena chahiye,non-sarcastic
Har joke funny nahi lagta sabko,non-sarcastic
Yeh matter easily ignore nahi ho sakta,non-sarcastic
Conversation healthy direction mein jana chahiye,non-sarcastic
Yeh controversy ek learning ho sakti hai,non-sarcastic
Audience ka reaction bhi ek signal hota hai,non-sarcastic
Freedom ke saath responsibility bhi aati hai,non-sarcastic
Har cheez edgy hona zaroori nahi,non-sarcastic
Isme context samajhna important hai,non-sarcastic
Har cheez ko cancel karna bhi solution nahi,non-sarcastic
Balance maintain karna tough hota hai,non-sarcastic
Yeh discussion long term impact karega,non-sarcastic
Public reaction ko respect karna chahiye,non-sarcastic
Har viewpoint ko sunna zaroori hai,non-sarcastic
Yeh sirf ek clip se judge nahi hona chahiye,non-sarcastic
Content ka intention bhi dekhna chahiye,non-sarcastic
Lekin impact ignore nahi kar sakte,non-sarcastic
Yeh debate constructive ho sakti hai,non-sarcastic
Har artist apni style rakhta hai,non-sarcastic
Lekin audience bhi equally important hai,non-sarcastic
Yeh ek reminder hai boundaries ka,non-sarcastic
Har cheez ka timing matter karta hai,non-sarcastic
Isme maturity se react karna chahiye,non-sarcastic
Yeh controversy overreaction bhi ho sakti hai kuch logon ke liye,non-sarcastic
Par kuch log genuinely hurt bhi ho sakte hain,non-sarcastic
Dono cheezein ek saath exist karti hain,non-sarcastic
Yeh ek grey area hai,non-sarcastic
Clear answer milna mushkil hai,non-sarcastic
Social media pe reactions fast aate hain,non-sarcastic
Har cheez viral hone ke baad hi discuss hoti hai,non-sarcastic
Yeh ek broader discussion ka part hai,non-sarcastic
Comedy ka scope bada hai,non-sarcastic
Par har cheez acceptable nahi hoti,non-sarcastic
Yeh topic easily settle nahi hoga,non-sarcastic
Dialogue open rehna chahiye,non-sarcastic
Extreme reactions avoid karne chahiye,non-sarcastic
Har taraf se learning ho sakti hai,non-sarcastic
Yeh ek moment hai reflect karne ka,non-sarcastic
Content ka reach bada hota hai,non-sarcastic
Isliye impact bhi bada hota hai,non-sarcastic
Yeh sirf ek individual ka issue nahi,non-sarcastic
Industry level pe bhi discussion hona chahiye,non-sarcastic
Har creator ko apni boundaries decide karni hoti hain,non-sarcastic
Audience bhi evolve ho rahi hai,non-sarcastic
Yeh dynamic situation hai,non-sarcastic
Har case alag hota hai,non-sarcastic
Isko generalize nahi karna chahiye,non-sarcastic
Yeh ek sensitive topic hai,non-sarcastic
Calm rehke baat karni chahiye,non-sarcastic
Social media outrage fast hota hai,non-sarcastic
Lekin resolution slow hota hai,non-sarcastic
Yeh long conversation ban sakti hai,non-sarcastic
Har taraf se views aayenge,non-sarcastic
Yeh healthy debate ho sakti hai,non-sarcastic
Har opinion important hai,non-sarcastic
Respectful tone maintain karna chahiye,non-sarcastic
Yeh sirf trend nahi hona chahiye,non-sarcastic
Real discussion hona chahiye,non-sarcastic
Har creator ko feedback lena chahiye,non-sarcastic
Audience bhi apni expectations clear rakhti hai,non-sarcastic
Yeh ek cultural difference ka bhi part hai,non-sarcastic
Har cheez universally funny nahi hoti,non-sarcastic
Yeh topic complicated hai,non-sarcastic
Black and white answer nahi hai,non-sarcastic
Har side ko samajhna zaroori hai,non-sarcastic
Yeh ek learning moment hai,non-sarcastic
Growth ke liye feedback important hai,non-sarcastic
Yeh controversy temporary bhi ho sakti hai,non-sarcastic
Lekin impact lasting ho sakta hai,non-sarcastic
Isliye careful rehna chahiye,non-sarcastic
Har cheez ko extreme pe le jaana avoid karein,non-sarcastic
Balanced thinking zaroori hai,non-sarcastic
Yeh ek discussion trigger hai,non-sarcastic
Har insaan apni taraf se judge karega,non-sarcastic
Yeh expected tha kisi point pe,non-sarcastic
Industry mein aise debates hoti rehti hain,non-sarcastic
Yeh ek phase bhi ho sakta hai,non-sarcastic
Time ke saath clarity aayegi,non-sarcastic
Har taraf se opinions aayenge,non-sarcastic
Yeh social media ka nature hai,non-sarcastic
Sab log react karte hain instantly,non-sarcastic
Par samajhne mein time lagta hai,non-sarcastic
Yeh ek layered issue hai,non-sarcastic
Simple nahi hai,non-sarcastic
Har angle dekhna zaroori hai,non-sarcastic
Emotional reactions bhi natural hain,non-sarcastic
Rational discussion bhi zaroori hai,non-sarcastic
Dono ka balance hona chahiye,non-sarcastic
Yeh topic ignore nahi hona chahiye,non-sarcastic
Lekin escalate bhi nahi karna chahiye,non-sarcastic
Responsible dialogue hona chahiye,non-sarcastic
Yeh ek ongoing debate hai,non-sarcastic
Har kisi ka role hai isme,non-sarcastic
Audience bhi shape karti hai content,non-sarcastic
Creators bhi influence karte hain audience,non-sarcastic
Yeh two-way process hai,non-sarcastic
Samajhna zaroori hai,non-sarcastic
Yeh ek reflection point hai,non-sarcastic
Har creator mistakes se seekhta hai,non-sarcastic
Yeh bhi ek chance hai improve karne ka,non-sarcastic
Audience bhi evolve hoti hai,non-sarcastic
Yeh dynamic relation hai,non-sarcastic
Isko samajhna zaroori hai,non-sarcastic
Yeh sirf ek incident nahi,non-sarcastic
Pattern bhi ho sakta hai,non-sarcastic
Ispe sochna chahiye,non-sarcastic
Har cheez ko lightly nahi lena chahiye,non-sarcastic
Lekin overreact bhi nahi karna chahiye,non-sarcastic
Balance hi solution hai,non-sarcastic
Yeh sabko samajhna hoga,non-sarcastic
Conversation open rehni chahiye,non-sarcastic
Yeh ek reminder hai responsibility ka,non-sarcastic
Har platform ka apna impact hota hai,non-sarcastic
Isko ignore nahi kar sakte,non-sarcastic
Yeh ek discussion starter hai,non-sarcastic
Har viewpoint valuable hai,non-sarcastic
Isko respectfully handle karna chahiye,non-sarcastic
Yeh ek evolving situation hai,non-sarcastic
Time ke saath settle hoga,non-sarcastic
Lekin learnings reh jayengi,non-sarcastic
Har controversy kuch sikhati hai,non-sarcastic
Yeh bhi ek example hai,non-sarcastic
Isse future decisions better ho sakte hain,non-sarcastic
Har creator ko reflect karna chahiye,non-sarcastic
Audience bhi reflect kare,non-sarcastic
Yeh collective process hai,non-sarcastic
Samajhna zaroori hai,non-sarcastic
Yeh ek important moment hai,non-sarcastic
Har taraf se clarity aayegi gradually,non-sarcastic
Discussion continue rehna chahiye,non-sarcastic
Yeh healthy debate ho sakti hai,non-sarcastic
Respectful tone zaroori hai,non-sarcastic
Yeh sirf ek side ka issue nahi,non-sarcastic
Dono sides ka perspective hai,non-sarcastic
Isko samajhna chahiye,non-sarcastic
Yeh ek balanced view maangta hai,non-sarcastic
Extreme avoid karna chahiye,non-sarcastic
Yeh long term topic hai,non-sarcastic
Har creator ko mindful rehna chahiye,non-sarcastic
Audience bhi aware hai,non-sarcastic
Yeh ek mutual relationship hai,non-sarcastic
Samajhna important hai,non-sarcastic
Yeh ek ongoing process hai,non-sarcastic
Har cheez ka impact hota hai,non-sarcastic
Yeh bhi ek example hai,non-sarcastic
Isse future improve ho sakta hai,non-sarcastic
Har controversy ek lesson hai,non-sarcastic
Yeh bhi wahi hai,non-sarcastic
Calm rehna zaroori hai,non-sarcastic
React karne se pehle sochna chahiye,non-sarcastic
Yeh topic sensitive hai,non-sarcastic
Handle carefully karna chahiye,non-sarcastic
Har viewpoint sunna chahiye,non-sarcastic
Discussion open rehna chahiye,non-sarcastic
Yeh ek evolving debate hai,non-sarcastic
Time ke saath clarity aayegi,non-sarcastic
Sabko patience rakhna chahiye,non-sarcastic
Yeh bhi pass ho jayega,non-sarcastic
Lekin impact yaad rahega,non-sarcastic
Isliye responsible hona chahiye,non-sarcastic
Har cheez ka consequence hota hai,non-sarcastic
Yeh bhi ek example hai,non-sarcastic
Isse learning leni chahiye,non-sarcastic
Har creator grow karta hai,non-sarcastic
Audience bhi grow karti hai,non-sarcastic
Yeh process continuous hai,non-sarcastic
Samajhna zaroori hai,non-sarcastic
Yeh ek important discussion hai,non-sarcastic
Har taraf se views aayenge,non-sarcastic
Yeh normal hai,non-sarcastic
Debate healthy honi chahiye,non-sarcastic
Respect maintain karna chahiye,non-sarcastic
Yeh ek opportunity hai learn karne ki,non-sarcastic
Isko waste nahi karna chahiye,non-sarcastic
Har situation se kuch milta hai,non-sarcastic
Yeh bhi waise hi hai,non-sarcastic
Samajh ke aage badhna chahiye,non-sarcastic
Yeh conversation continue rehni chahiye,non-sarcastic
"Haan bhai, “dark humor” ka matlab ab sab kuch bol dena ho gaya",sarcastic
Matlab joke nahi land kiya toh audience hi immature hai,sarcastic
"Yeh edgy nahi tha, bas awkward silence ka masterclass tha",sarcastic
“It’s just a joke” ka shield toh full activate hai,sarcastic
Matlab line cross hui ya line hi gayab thi,sarcastic
Dark humor ka naam leke bas shock value hi de diya,sarcastic
Punchline se zyada explanation strong tha,sarcastic
Matlab joke ke baad khud hi samjhana pad raha hai,sarcastic
"Audience nahi samjhi, ya joke hi nahi tha",sarcastic
Yeh stand-up tha ya boundary testing experiment,sarcastic
Matlab cringe ko edgy bolne ka naya trend hai,sarcastic
Joke se zyada reaction funny tha,sarcastic
Matlab “offensive = funny” ka shortcut le liya,sarcastic
Silence bhi kabhi kabhi feedback hota hai,sarcastic
Dark humor ke naam pe bas dark hi reh gaya,sarcastic
Matlab punchline missing aur confidence full,sarcastic
Joke ke baad justification ka bonus round,sarcastic
Matlab sabko blame karo except content,sarcastic
"Yeh edgy nahi, bas uncomfortable tha",sarcastic
Matlab audience ko educate karna pad raha hai ki yeh funny hai,sarcastic
Punchline se zyada pause loud tha,sarcastic
Matlab joke ko defend karna hi main act hai,sarcastic
Dark humor ka matlab context bhi hota hai shayad,sarcastic
"Matlab sab kuch bol diya, bas funny part reh gaya",sarcastic
"Yeh “too real” nahi, “too random” tha",sarcastic
Matlab shock value hi main ingredient hai,sarcastic
"Joke sunke nahi, reaction dekh ke hansi aayi",sarcastic
"Matlab line cross nahi, jump maar diya",sarcastic
Dark humor ka naam leke safe exit mil gaya,sarcastic
Matlab audience ka taste hi galat hai obviously,sarcastic
Punchline ko dhoondhne ka side quest chal raha,sarcastic
Matlab edgy hone ke chakkar mein funny bhool gaye,sarcastic
"Yeh comedy kam, risk-taking zyada lag raha",sarcastic
Matlab joke ka matlab samjhane ka tutorial bhi aayega,sarcastic
Silence itna loud tha ki mic off ho gaya,sarcastic
Matlab outrage bhi content ka part hai,sarcastic
Dark humor ka matlab consent bhi hota hai shayad,sarcastic
"Matlab sab kuch bola, bas timing miss ho gayi",sarcastic
Yeh viral hona tha ya controversial,sarcastic
Matlab reaction hi actual content hai,sarcastic
Joke ke baad damage control faster tha,sarcastic
Matlab edgy banna hai toh funny optional hai,sarcastic
"Yeh comedy nahi, comment section generator hai",sarcastic
Matlab sab kuch intentional lag raha hai,sarcastic
Dark humor ka matlab sensitivity zero nahi hota,sarcastic
Matlab punchline se pehle hi downfall aa gaya,sarcastic
"Yeh joke nahi, social experiment tha",sarcastic
Matlab outrage hi engagement hai,sarcastic
Audience ko blame karna easiest part hai,sarcastic
Matlab joke ka context Google pe milega,sarcastic
Punchline itni subtle thi ki exist hi nahi karti,sarcastic
Matlab edgy hone ka shortcut mil gaya,sarcastic
"Yeh comedy nahi, controversy rehearsal thi",sarcastic
"Matlab sab kuch bola, bas land nahi kiya",sarcastic
Dark humor ke naam pe bas dark hi reh gaya,sarcastic
Matlab silence bhi claps ka alternate hai,sarcastic
Joke se zyada apology expected hai,sarcastic
Matlab reaction predictable tha phir bhi shock,sarcastic
"Yeh funny nahi, uncomfortable truth bhi nahi",sarcastic
Matlab joke ka half part missing hai,sarcastic
Punchline ko support system chahiye,sarcastic
Matlab edgy content ka trial version,sarcastic
"Yeh stand-up nahi, tightrope walk tha",sarcastic
Matlab audience ko hi adapt hona padega,sarcastic
Dark humor ka matlab context + timing hota hai,sarcastic
"Matlab sab kuch bola, bas connect nahi hua",sarcastic
Joke se zyada debate strong hai,sarcastic
Matlab outrage hi marketing hai,sarcastic
"Yeh comedy kam, commentary zyada",sarcastic
Matlab line ka concept hi optional hai,sarcastic
Punchline se pehle hi controversy aa gayi,sarcastic
Matlab edgy hona = viral hona,sarcastic
"Yeh joke nahi, reaction bait tha",sarcastic
Matlab audience ko hi adjust karna hai,sarcastic
Dark humor ka matlab responsibility bhi hota hai,sarcastic
"Matlab sab kuch bola, bas funny nahi bana",sarcastic
Silence ne sab kuch explain kar diya,sarcastic
Matlab outrage predictable tha,sarcastic
"Yeh edgy nahi, forced lag raha",sarcastic
Matlab joke ko defend karna hi main task hai,sarcastic
Punchline itni deep thi ki mil hi nahi rahi,sarcastic
Matlab edgy content ka beta version,sarcastic
"Yeh comedy nahi, headline generator hai",sarcastic
Matlab sab kuch intentional lagta hai,sarcastic
Dark humor ka naam leke safe exit mil gaya,sarcastic
Matlab audience ko hi blame kar do,sarcastic
Joke se zyada aftermath strong hai,sarcastic
Matlab controversy hi main act hai,sarcastic
"Yeh funny nahi, awkward memory hai",sarcastic
Matlab punchline ka download pending hai,sarcastic
Silence hi review section hai,sarcastic
Matlab edgy banna hai toh risk lena padega,sarcastic
"Yeh comedy nahi, engagement hack hai",sarcastic
"Matlab sab kuch bola, bas timing off",sarcastic
Dark humor ka matlab awareness bhi hota hai,sarcastic
Matlab joke ke baad explanation mandatory hai,sarcastic
Reaction hi real entertainment tha,sarcastic
Matlab outrage cycle complete ho gaya,sarcastic
"Yeh edgy nahi, experimental failure lag raha",sarcastic
"Matlab punchline optional, controversy compulsory",sarcastic
Health sabse important cheez hai life mein,non-sarcastic
Apni health ka dhyaan rakhna zaroori hai,non-sarcastic
Fitness routine maintain karna chahiye,non-sarcastic
Healthy lifestyle long term mein help karta hai,non-sarcastic
Daily thoda exercise karna achha hota hai,non-sarcastic
Diet ka bhi utna hi importance hai,non-sarcastic
Mental health bhi equally important hai,non-sarcastic
Stress manage karna seekhna chahiye,non-sarcastic
Regular checkups ignore nahi karne chahiye,non-sarcastic
Sleep proper lena bahut zaroori hai,non-sarcastic
Healthy habits slowly build hoti hain,non-sarcastic
Junk food kam karna better hai,non-sarcastic
Hydration ka dhyaan rakhna chahiye,non-sarcastic
Morning walk kaafi beneficial hoti hai,non-sarcastic
Consistency hi key hai health ke liye,non-sarcastic
Small steps bhi matter karte hain,non-sarcastic
Fitness ek long term commitment hai,non-sarcastic
Body ko rest bhi utna hi chahiye,non-sarcastic
Healthy mind healthy body se aata hai,non-sarcastic
Self care ignore nahi karna chahiye,non-sarcastic
Balanced diet follow karna important hai,non-sarcastic
Physical activity daily routine ka part hona chahiye,non-sarcastic
Screen time thoda control karna chahiye,non-sarcastic
Outdoor activity bhi zaroori hai,non-sarcastic
Immunity strong rakhna important hai,non-sarcastic
Preventive care better hota hai,non-sarcastic
Regular routine maintain karna helpful hai,non-sarcastic
Health ko priority deni chahiye,non-sarcastic
Fitness goals realistic hone chahiye,non-sarcastic
Overthinking health pe impact karta hai,non-sarcastic
Meditation bhi help karta hai,non-sarcastic
Healthy eating habits develop karni chahiye,non-sarcastic
Sugar intake kam karna better hai,non-sarcastic
Fresh food prefer karna chahiye,non-sarcastic
Discipline important hota hai,non-sarcastic
Body signals ko ignore nahi karna chahiye,non-sarcastic
Health awareness badh rahi hai,non-sarcastic
Lifestyle changes zaroori hain,non-sarcastic
Work-life balance maintain karna chahiye,non-sarcastic
Fitness journey sabki alag hoti hai,non-sarcastic
Motivation se zyada consistency important hai,non-sarcastic
Daily thoda movement zaroor hona chahiye,non-sarcastic
Proper posture bhi important hai,non-sarcastic
Stretching helpful hoti hai,non-sarcastic
Mind ko relax karna bhi zaroori hai,non-sarcastic
Healthy habits time lete hain,non-sarcastic
Body ko listen karna chahiye,non-sarcastic
Overworking avoid karna chahiye,non-sarcastic
Fresh air lena bhi zaroori hai,non-sarcastic
Routine banana helpful hota hai,non-sarcastic
Fitness sirf weight loss nahi hota,non-sarcastic
Strength bhi important hai,non-sarcastic
Mental peace bhi health ka part hai,non-sarcastic
Social connection bhi matter karta hai,non-sarcastic
Self discipline develop karna chahiye,non-sarcastic
Healthy choices daily lene chahiye,non-sarcastic
Fast food occasionally hi theek hai,non-sarcastic
Proper hydration ignore nahi karna chahiye,non-sarcastic
Health ek investment hai,non-sarcastic
Time pe khana khana zaroori hai,non-sarcastic
Balanced routine maintain karna chahiye,non-sarcastic
Physical aur mental dono health zaroori hai,non-sarcastic
Healthy lifestyle sustainable hona chahiye,non-sarcastic
Body ko respect karna chahiye,non-sarcastic
Fitness journey mein patience chahiye,non-sarcastic
Regular activity important hai,non-sarcastic
Sleep cycle fix karna helpful hai,non-sarcastic
Health pe focus hona chahiye,non-sarcastic
Mindful eating beneficial hota hai,non-sarcastic
Break lena bhi zaroori hai,non-sarcastic
Burnout avoid karna chahiye,non-sarcastic
Healthy routine gradually build hota hai,non-sarcastic
Stress management important hai,non-sarcastic
Proper nutrition zaroori hai,non-sarcastic
Body ko energy chahiye hoti hai,non-sarcastic
Health awareness spread karni chahiye,non-sarcastic
Healthy mindset develop karna chahiye,non-sarcastic
Physical fitness confidence badhata hai,non-sarcastic
Self care important hai,non-sarcastic
Fitness sabke liye different hoti hai,non-sarcastic
Healthy habits consistency se aati hain,non-sarcastic
Body ko active rakhna chahiye,non-sarcastic
Routine follow karna helpful hota hai,non-sarcastic
Mind aur body dono ko rest chahiye,non-sarcastic
Health pe compromise nahi karna chahiye,non-sarcastic
Daily routine mein movement add karna chahiye,non-sarcastic
Healthy lifestyle adopt karna chahiye,non-sarcastic
Long term benefits milte hain,non-sarcastic
Self awareness important hai,non-sarcastic
Health journey personal hoti hai,non-sarcastic
Regular habits se improvement aata hai,non-sarcastic
Healthy choices important hain,non-sarcastic
Body ko care chahiye hoti hai,non-sarcastic
Fitness ek process hai,non-sarcastic
Discipline maintain karna chahiye,non-sarcastic
Health sabse bada asset hai,non-sarcastic
Mind ko calm rakhna chahiye,non-sarcastic
Daily routine improve karna chahiye,non-sarcastic
Healthy thinking bhi important hai,non-sarcastic
Apni health ko seriously lena chahiye,non-sarcastic
